Date,Year,Month,WaterYear,TWtrGooseSE_sgrassQ_level,TWtrGooseSE_sgrassQ_flags,TWtrGooseSE_sgrassUNESCO_Q_level,TWtrGooseSE_sgrass,TWtrGooseSE_sgrassMed,TWtrGooseSE_sgrassAvg,TWtrGooseSE_sgrassMin,TWtrGooseSE_sgrassMax
PST,Year,Month,WaterYear,Quality level,Quality flags,UNESCO QC,deg C,deg C,deg C,deg C,deg C
date,Year,Month,WaterYear,NS_Goose_SE_sgrass,NS_Goose_SE_sgrass,NS_Goose_SE_sgrass,NS_Goose_SE_sgrass,NS_Goose_SE_sgrass,NS_Goose_SE_sgrass,NS_Goose_SE_sgrass,NS_Goose_SE_sgrass
date,year,month,waterYear,WaterTemp_QL,WaterTemp_QC,WaterTemp_UQL,WaterTemp,WaterTemp_Med,WaterTemp_Avg,WaterTemp_Min,WaterTemp_Max
2015-09-15,2015,Sep,2014-2015,1,"MV:15 of 24 missing:1 of 24 flagged",3,17.13,17.439,17.2408240740741,15.724,18.2
2015-09-16,2015,Sep,2014-2015,1,,2,13.353,14.24325,14.8003975694444,13.112,18.961
2015-09-17,2015,Sep,2014-2015,1,,2,13.329,13.356,13.3559166666667,13.161,13.522
2015-09-18,2015,Sep,2014-2015,1,,2,13.185,13.314,13.2775208333333,13.112,13.425
2015-09-19,2015,Sep,2014-2015,1,,2,13.185,13.149,13.1478819444444,13.064,13.233
2015-09-20,2015,Sep,2014-2015,1,,2,13.185,13.158,13.1553958333333,13.016,13.329
2015-09-21,2015,Sep,2014-2015,1,,2,13.233,13.212,13.2615763888889,13.112,13.57
2015-09-22,2015,Sep,2014-2015,1,,2,12.775,12.877375,12.9215451388889,12.775,13.257
2015-09-23,2015,Sep,2014-2015,1,,2,12.871,12.727,12.7702569444444,12.63,12.944
2015-09-24,2015,Sep,2014-2015,1,,2,13.04,12.892875,12.9789704861111,12.775,13.281
2015-09-25,2015,Sep,2014-2015,1,,2,12.703,12.871,12.9030711805556,12.703,13.064
2015-09-26,2015,Sep,2014-2015,1,,2,12.775,12.727,12.7689791666667,12.654,12.944
2015-09-27,2015,Sep,2014-2015,1,,2,12.654,12.693625,12.7269184027778,12.558,12.944
2015-09-28,2015,Sep,2014-2015,1,,2,12.654,12.597,12.5991666666667,12.509,12.703
2015-09-29,2015,Sep,2014-2015,1,,2,12.509,12.591,12.5978767361111,12.509,12.678
2015-09-30,2015,Sep,2014-2015,1,,2,12.485,12.473,12.4670763888889,12.364,12.534
2015-10-01,2015,Oct,2015-2016,1,,2,12.413,12.461,12.4595555555556,12.364,12.582
2015-10-02,2015,Oct,2015-2016,1,,2,12.34,12.389,12.3885434027778,12.268,12.509
2015-10-03,2015,Oct,2015-2016,1,,2,12.292,12.292,12.2473263888889,12.05,12.364
2015-10-04,2015,Oct,2015-2016,1,,2,12.34,12.355,12.3685694444444,12.243,12.509
2015-10-05,2015,Oct,2015-2016,1,,2,12.823,12.537,12.5324461805556,12.316,12.847
2015-10-06,2015,Oct,2015-2016,1,,2,12.34,12.588,12.6160677083333,12.34,12.823
2015-10-07,2015,Oct,2015-2016,1,,2,11.88,12.171,12.1501875,11.856,12.34
2015-10-08,2015,Oct,2015-2016,1,,2,12.098,12.098,12.0928090277778,11.88,12.243
2015-10-09,2015,Oct,2015-2016,1,,2,12.34,12.243375,12.2498298611111,12.098,12.389
2015-10-10,2015,Oct,2015-2016,1,,2,12.195,12.34,12.3290989583333,12.171,12.389
2015-10-11,2015,Oct,2015-2016,1,,2,11.832,12.0375,12.0029288194444,11.807,12.219
2015-10-12,2015,Oct,2015-2016,1,,2,11.856,11.8195,11.8314791666667,11.613,12.098
2015-10-13,2015,Oct,2015-2016,1,,2,12.025,11.883,11.9257482638889,11.783,12.171
2015-10-14,2015,Oct,2015-2016,1,,2,11.88,11.828875,11.7990225694444,11.589,12.025
2015-10-15,2015,Oct,2015-2016,1,,2,11.807,11.716,11.7366197916667,11.589,11.88
2015-10-16,2015,Oct,2015-2016,1,,2,11.759,11.7465,11.7310555555556,11.613,11.832
2015-10-17,2015,Oct,2015-2016,1,,2,11.977,11.868,11.8686354166667,11.759,12.001
2015-10-18,2015,Oct,2015-2016,1,,2,11.759,11.88,11.8427118055556,11.734,11.965
2015-10-19,2015,Oct,2015-2016,1,,2,11.88,11.88,11.8386649305556,11.734,11.953
2015-10-20,2015,Oct,2015-2016,1,,2,11.516,11.6375,11.7133958333333,11.516,11.88
2015-10-21,2015,Oct,2015-2016,1,,2,11.613,11.601,11.5886163194444,11.467,11.783
2015-10-22,2015,Oct,2015-2016,1,,2,11.613,11.613,11.6274861111111,11.565,11.734
2015-10-23,2015,Oct,2015-2016,1,,2,12.025,11.686,11.6984444444444,11.516,12.025
2015-10-24,2015,Oct,2015-2016,1,,2,12.122,12.11,12.0882135416667,12.001,12.171
2015-10-25,2015,Oct,2015-2016,1,,2,11.977,12.019,12.0258003472222,11.88,12.122
2015-10-26,2015,Oct,2015-2016,1,,2,11.662,11.88,11.8421163194444,11.662,11.977
2015-10-27,2015,Oct,2015-2016,1,,2,11.71,11.467,11.4464027777778,11.224,11.71
2015-10-28,2015,Oct,2015-2016,1,,2,11.71,11.701,11.6635416666667,11.443,11.783
2015-10-29,2015,Oct,2015-2016,1,,2,11.613,11.674,11.667015625,11.565,11.734
2015-10-30,2015,Oct,2015-2016,1,,2,11.71,11.734,11.7327274305556,11.625,11.856
2015-10-31,2015,Oct,2015-2016,1,,2,11.637,11.810125,11.7840295138889,11.565,11.929
2015-11-01,2015,Nov,2015-2016,1,,2,11.662,11.662,11.6597274305556,11.516,11.734
2015-11-02,2015,Nov,2015-2016,1,,2,11.613,11.637,11.6271614583333,11.54,11.662
2015-11-03,2015,Nov,2015-2016,1,,2,11.565,11.625,11.6233472222222,11.565,11.662
2015-11-04,2015,Nov,2015-2016,1,,2,11.419,11.37,11.3879965277778,11.321,11.565
2015-11-05,2015,Nov,2015-2016,1,,2,11.151,11.419,11.4423402777778,11.151,11.589
2015-11-06,2015,Nov,2015-2016,1,,2,11.005,11.053,11.0470590277778,10.858,11.321
2015-11-07,2015,Nov,2015-2016,1,,2,10.858,10.883,10.8688454861111,10.736,11.005
2015-11-08,2015,Nov,2015-2016,1,,2,11.053,10.846,10.8381059027778,10.614,11.053
2015-11-09,2015,Nov,2015-2016,1,,2,11.005,11.047,11.0584027777778,10.834,11.175
2015-11-10,2015,Nov,2015-2016,1,,2,10.247,10.427375,10.4381701388889,9.903,11.005
2015-11-11,2015,Nov,2015-2016,1,,2,9.756,9.87575,9.92801215277778,9.657,10.247
2015-11-12,2015,Nov,2015-2016,1,,2,9.509,9.805,9.78001909722222,9.46,10.051
2015-11-13,2015,Nov,2015-2016,1,,2,9.977,9.9705,10.0063611111111,9.46,10.59
2015-11-14,2015,Nov,2015-2016,1,,2,9.657,9.672625,9.76322916666667,9.41,10.222
2015-11-15,2015,Nov,2015-2016,1,,2,9.386,9.611,9.612609375,9.386,9.731
2015-11-16,2015,Nov,2015-2016,1,,2,9.435,9.524625,9.53890798611111,9.287,9.928
2015-11-17,2015,Nov,2015-2016,1,,2,9.756,9.648,9.73661631944445,9.4475,10.369
2015-11-18,2015,Nov,2015-2016,1,,2,9.163,9.354875,9.41068229166667,9.163,9.903
2015-11-19,2015,Nov,2015-2016,1,,2,8.916,9.015,9.00131076388889,8.866,9.163
2015-11-20,2015,Nov,2015-2016,1,,2,8.792,8.568,8.55820138888889,8.27,8.916
2015-11-21,2015,Nov,2015-2016,1,,2,8.717,8.767,8.72182465277778,8.444,8.891
2015-11-22,2015,Nov,2015-2016,1,,2,9.632,8.9315,8.92271701388889,8.494,9.632
2015-11-23,2015,Nov,2015-2016,1,,2,9.163,9.682,9.60110590277778,8.99,9.805
2015-11-24,2015,Nov,2015-2016,1,,2,8.693,8.7295,8.77664236111111,8.27,9.312
2015-11-25,2015,Nov,2015-2016,1,,2,8.419,8.693,8.62096180555556,8.195,8.891
2015-11-26,2015,Nov,2015-2016,1,,2,8.095,8.254375,8.23243055555555,7.845,8.717
2015-11-27,2015,Nov,2015-2016,1,,2,8.369,8.22,8.12750347222222,7.368,8.593
2015-11-28,2015,Nov,2015-2016,1,,2,8.27,8.534,8.46713715277778,7.92,8.767
2015-11-29,2015,Nov,2015-2016,1,,2,8.02,7.97625,7.96963541666667,7.67,8.394
2015-11-30,2015,Nov,2015-2016,1,,2,8.17,7.945,8.02271875,7.795,8.469
2015-12-01,2015,Dec,2015-2016,1,,2,8.469,8.444,8.42430729166667,8.045,8.593
2015-12-02,2015,Dec,2015-2016,1,,2,8.693,8.652375,8.67697916666667,8.394,9.114
2015-12-03,2015,Dec,2015-2016,1,,2,8.767,8.974375,8.89546875,8.618,9.064
2015-12-04,2015,Dec,2015-2016,1,,2,8.767,8.941,8.89759722222222,8.643,9.015
2015-12-05,2015,Dec,2015-2016,1,,2,8.742,8.72325,8.73199479166667,8.643,8.817
2015-12-06,2015,Dec,2015-2016,1,,2,8.941,8.817,8.82493229166667,8.693,8.941
2015-12-07,2015,Dec,2015-2016,1,,2,8.866,8.9775,8.96940104166666,8.866,9.015
2015-12-08,2015,Dec,2015-2016,1,,2,8.916,8.891,8.88971180555555,8.792,8.965
2015-12-09,2015,Dec,2015-2016,1,,2,8.841,8.965,8.94537326388889,8.767,9.04
2015-12-10,2015,Dec,2015-2016,1,,2,8.742,8.742,8.72776215277778,8.419,8.891
2015-12-11,2015,Dec,2015-2016,1,,2,8.593,8.6555,8.63435590277778,8.469,8.742
2015-12-12,2015,Dec,2015-2016,1,,2,8.717,8.714,8.75503472222222,8.494,9.064
2015-12-13,2015,Dec,2015-2016,1,,2,8.27,8.6055,8.51749131944445,7.795,8.792
2015-12-14,2015,Dec,2015-2016,1,,2,7.945,8.1825,8.09265451388889,7.368,8.295
2015-12-15,2015,Dec,2015-2016,1,,2,8.419,8.531,8.45367013888889,7.9575,8.817
2015-12-16,2015,Dec,2015-2016,1,,2,8.07,8.2945,8.23679340277778,7.795,8.519
2015-12-17,2015,Dec,2015-2016,1,,2,7.544,7.67,7.69914930555556,7.419,8.0575
2015-12-18,2015,Dec,2015-2016,1,,2,7.544,7.710625,7.74954861111111,7.519,8.02
2015-12-19,2015,Dec,2015-2016,1,,2,7.82,7.7325,7.73257638888889,7.393,8.045
2015-12-20,2015,Dec,2015-2016,1,,2,7.67,7.795,7.89762847222222,7.619,8.344
2015-12-21,2015,Dec,2015-2016,1,,2,7.569,7.6065,7.59929340277778,7.268,7.82
2015-12-22,2015,Dec,2015-2016,1,,2,7.67,7.645,7.64524826388889,7.569,7.745
2015-12-23,2015,Dec,2015-2016,1,,2,7.67,7.779375,7.88892361111111,7.67,8.27
2015-12-24,2015,Dec,2015-2016,1,,2,7.72,7.754375,7.76351041666667,7.242,8.095
2015-12-25,2015,Dec,2015-2016,1,,2,7.368,7.569,7.56975,6.914,7.945
2015-12-26,2015,Dec,2015-2016,1,,2,7.67,7.2425,7.11448263888889,5.437,7.895
2015-12-27,2015,Dec,2015-2016,1,,2,8.27,8.191875,8.15095833333333,7.444,8.469
2015-12-28,2015,Dec,2015-2016,1,,2,8.045,8.22,8.20017534722222,8.02,8.344
2015-12-29,2015,Dec,2015-2016,1,,2,7.82,7.979375,7.94187673611111,7.569,8.145
2015-12-30,2015,Dec,2015-2016,1,,2,7.318,7.50025,7.45166319444445,7.091,7.845
2015-12-31,2015,Dec,2015-2016,1,,2,6.535,6.635875,6.68796354166667,6.408,7.318
2016-01-01,2016,Jan,2015-2016,1,,2,5.745,6.1785,6.13687152777778,5.745,6.522
2016-01-02,2016,Jan,2015-2016,1,,2,5.642,5.82425,5.80960243055556,5.437,6.051
2016-01-03,2016,Jan,2015-2016,1,,2,5.821,5.565,5.60116840277778,5.308,5.872
2016-01-04,2016,Jan,2015-2016,1,,2,5.77,5.869,5.89222048611111,5.77,6
2016-01-05,2016,Jan,2015-2016,1,,2,5.821,5.847,5.89907118055556,5.642,6.204
2016-01-06,2016,Jan,2015-2016,1,,2,6.051,6,6.14148958333333,5.565,7.142
2016-01-07,2016,Jan,2015-2016,1,,2,6.535,6.535,6.53259027777778,6.0895,6.94
2016-01-08,2016,Jan,2015-2016,1,,2,6.484,6.505875,6.52559548611111,6.179,6.813
2016-01-09,2016,Jan,2015-2016,1,,2,6.788,6.70875,6.68847222222222,6.331,7.167
2016-01-10,2016,Jan,2015-2016,1,,2,6.687,6.88275,6.84473090277778,6.509,7.116
2016-01-11,2016,Jan,2015-2016,1,,2,7.368,7.053,6.97870659722222,6.179,7.444
2016-01-12,2016,Jan,2015-2016,1,,2,7.318,7.327375,7.27703125,7.041,7.419
2016-01-13,2016,Jan,2015-2016,1,,2,7.318,7.393,7.36423611111111,7.217,7.444
2016-01-14,2016,Jan,2015-2016,1,,2,7.368,7.4815,7.46135069444444,7.318,7.544
2016-01-15,2016,Jan,2015-2016,1,,2,7.167,7.238875,7.24611284722222,7.041,7.444
2016-01-16,2016,Jan,2015-2016,1,,2,7.142,7.142,7.14637673611111,6.99,7.217
2016-01-17,2016,Jan,2015-2016,1,,2,7.519,7.217,7.27665104166667,7.091,7.619
2016-01-18,2016,Jan,2015-2016,1,,2,7.845,7.73875,7.70916319444444,7.444,7.97
2016-01-19,2016,Jan,2015-2016,1,,2,7.795,7.795,7.70449652777778,7.494,7.87
2016-01-20,2016,Jan,2015-2016,1,,2,7.695,7.544,7.52052777777778,7.242,7.7825
2016-01-21,2016,Jan,2015-2016,1,,2,7.67,7.490875,7.489140625,7.268,7.82
2016-01-22,2016,Jan,2015-2016,1,,2,7.97,7.741875,7.75030555555555,7.594,7.995
2016-01-23,2016,Jan,2015-2016,1,,2,7.645,7.698125,7.73086284722222,7.569,7.97
2016-01-24,2016,Jan,2015-2016,1,,2,7.494,7.544,7.539359375,7.242,7.695
2016-01-25,2016,Jan,2015-2016,1,,2,7.67,7.553375,7.54695833333333,7.368,7.745
2016-01-26,2016,Jan,2015-2016,1,,2,8.07,7.960625,7.92208333333333,7.645,8.07
2016-01-27,2016,Jan,2015-2016,1,,2,8.494,8.272625,8.24463194444444,7.845,8.519
2016-01-28,2016,Jan,2015-2016,1,,2,8.469,8.515875,8.50186284722222,8.444,8.543
2016-01-29,2016,Jan,2015-2016,1,,2,7.87,8.344,8.29159548611111,7.745,8.469
2016-01-30,2016,Jan,2015-2016,1,,2,7.72,7.685625,7.71850347222222,7.469,8.095
2016-01-31,2016,Jan,2015-2016,1,,2,7.795,7.82625,7.82907118055555,7.72,7.945
2016-02-01,2016,Feb,2015-2016,1,,2,7.469,7.729375,7.72480902777778,7.469,7.945
2016-02-02,2016,Feb,2015-2016,1,,2,7.544,7.494,7.53800868055556,7.393,7.72
2016-02-03,2016,Feb,2015-2016,1,,2,7.519,7.519,7.52994618055556,7.142,7.695
2016-02-04,2016,Feb,2015-2016,1,,2,7.97,7.679375,7.685015625,7.494,7.97
2016-02-05,2016,Feb,2015-2016,1,,2,7.995,7.998125,8.010234375,7.82,8.22
2016-02-06,2016,Feb,2015-2016,1,,2,7.945,7.77625,7.74229513888889,7.419,7.995
2016-02-07,2016,Feb,2015-2016,1,,2,7.945,7.848125,7.73594444444444,7.318,8.02
2016-02-08,2016,Feb,2015-2016,1,,2,8.145,8.0825,8.08435416666667,7.92,8.344
2016-02-09,2016,Feb,2015-2016,1,,2,8.195,8.145,8.10689236111111,7.97,8.195
2016-02-10,2016,Feb,2015-2016,1,,2,8.27,8.22,8.22446701388889,8.12,8.344
2016-02-11,2016,Feb,2015-2016,1,,2,8.12,8.07625,8.12807291666667,8.045,8.27
2016-02-12,2016,Feb,2015-2016,1,,2,8.419,8.288625,8.30617534722222,8.1325,8.494
2016-02-13,2016,Feb,2015-2016,1,,2,8.095,8.12,8.120875,7.895,8.419
2016-02-14,2016,Feb,2015-2016,1,,2,8.07,8.095,8.09816840277778,8.045,8.145
2016-02-15,2016,Feb,2015-2016,1,,2,7.77,8.023125,8.00888888888888,7.77,8.095
2016-02-16,2016,Feb,2015-2016,1,,2,8.145,8.145,8.09608506944444,7.745,8.27
2016-02-17,2016,Feb,2015-2016,1,,2,8.22,8.195,8.17985590277778,7.92,8.394
2016-02-18,2016,Feb,2015-2016,1,,2,8.369,8.3565,8.37588715277778,8.22,8.593
2016-02-19,2016,Feb,2015-2016,1,,2,8.319,8.347125,8.39196875,8.27,8.568
2016-02-20,2016,Feb,2015-2016,1,,2,8.245,8.245,8.24406597222222,8.095,8.344
2016-02-21,2016,Feb,2015-2016,1,,2,8.295,8.1075,8.11685763888889,7.845,8.419
2016-02-22,2016,Feb,2015-2016,1,,2,8.344,8.27,8.23241493055555,7.87,8.469
2016-02-23,2016,Feb,2015-2016,1,,2,8.27,8.307,8.34468402777778,8.045,8.643
2016-02-24,2016,Feb,2015-2016,1,,2,8.817,8.693,8.58837673611111,8.27,8.817
2016-02-25,2016,Feb,2015-2016,1,,2,8.941,8.84725,8.84470138888889,8.668,8.99
2016-02-26,2016,Feb,2015-2016,1,,2,9.064,9.0025,9.02973090277778,8.941,9.114
2016-02-27,2016,Feb,2015-2016,1,,2,8.965,9.015,8.96509548611111,8.693,9.139
2016-02-28,2016,Feb,2015-2016,1,,2,9.089,8.99,9.00456944444444,8.916,9.089
2016-02-29,2016,Feb,2015-2016,1,,2,8.965,8.965,8.97082638888889,8.767,9.114
2016-03-01,2016,Mar,2015-2016,1,,2,8.618,8.705,8.74016493055555,8.568,8.99
2016-03-02,2016,Mar,2015-2016,1,,2,8.767,8.742,8.70172743055555,8.519,8.792
2016-03-03,2016,Mar,2015-2016,1,,2,8.767,8.693,8.72896527777778,8.643,8.841
2016-03-04,2016,Mar,2015-2016,1,,2,8.866,8.838,8.826015625,8.717,8.916
2016-03-05,2016,Mar,2015-2016,1,,2,8.742,8.841,8.86102083333334,8.742,9.015
2016-03-06,2016,Mar,2015-2016,1,,2,8.693,8.742,8.75821701388889,8.693,8.866
2016-03-07,2016,Mar,2015-2016,1,,2,8.817,8.668,8.6926875,8.394,8.866
2016-03-08,2016,Mar,2015-2016,1,,2,8.618,8.664875,8.61556770833333,8.344,8.817
2016-03-09,2016,Mar,2015-2016,1,,2,8.618,8.571125,8.53857638888889,8.195,8.668
2016-03-10,2016,Mar,2015-2016,1,,2,8.519,8.602375,8.582421875,8.444,8.717
2016-03-11,2016,Mar,2015-2016,1,,2,8.419,8.347125,8.32768055555556,8.095,8.543
2016-03-12,2016,Mar,2015-2016,1,,2,8.17,8.2575,8.19611979166667,7.87,8.419
2016-03-13,2016,Mar,2015-2016,1,,2,8.295,8.245,8.26191493055556,8.07,8.419
2016-03-14,2016,Mar,2015-2016,1,,2,8.095,8.2575,8.18840277777778,7.745,8.319
2016-03-15,2016,Mar,2015-2016,1,,2,8.12,8.116875,8.103984375,8.02,8.17
2016-03-16,2016,Mar,2015-2016,1,,2,8.668,8.59925,8.48428472222222,8.095,8.866
2016-03-17,2016,Mar,2015-2016,1,,2,8.742,8.664875,8.67438541666667,7.995,9.188
2016-03-18,2016,Mar,2015-2016,1,,2,8.866,8.739,8.73434027777778,8.245,9.089
2016-03-19,2016,Mar,2015-2016,1,,2,8.866,8.8415,8.85108333333333,8.742,9.04
2016-03-20,2016,Mar,2015-2016,1,,2,8.916,8.87225,8.84854513888889,8.742,8.916
2016-03-21,2016,Mar,2015-2016,1,,2,9.064,8.941,8.99451388888889,8.891,9.188
2016-03-22,2016,Mar,2015-2016,1,,2,9.089,9.179,9.23274131944444,9.064,9.583
2016-03-23,2016,Mar,2015-2016,1,,2,8.792,8.891,8.89498090277778,8.767,9.089
2016-03-24,2016,Mar,2015-2016,1,,2,8.792,8.732625,8.71131944444444,8.494,8.792
2016-03-25,2016,Mar,2015-2016,1,,2,9.114,8.8665,8.88034375,8.568,9.213
2016-03-26,2016,Mar,2015-2016,1,,2,8.99,9.064,8.96224305555556,8.742,9.114
2016-03-27,2016,Mar,2015-2016,1,,2,8.866,8.82,8.78274305555555,8.519,9.015
2016-03-28,2016,Mar,2015-2016,1,,2,9.015,8.887875,8.84603993055555,8.568,9.064
2016-03-29,2016,Mar,2015-2016,1,,2,9.262,9.052,9.05426562499999,8.742,9.287
2016-03-30,2016,Mar,2015-2016,1,,2,9.558,9.324,9.36949305555556,8.965,9.583
2016-03-31,2016,Mar,2015-2016,1,,2,10.418,9.887875,9.85225,9.509,10.418
2016-04-01,2016,Apr,2015-2016,1,,2,10.736,10.558875,10.5936840277778,10.369,10.858
2016-04-02,2016,Apr,2015-2016,1,,2,10.81,10.8035,10.8563298611111,10.541,11.273
2016-04-03,2016,Apr,2015-2016,1,,2,10.418,10.7945,10.7719513888889,10.418,11.127
2016-04-04,2016,Apr,2015-2016,1,,2,9.977,10.124375,10.1612795138889,9.952,10.467
2016-04-05,2016,Apr,2015-2016,1,,2,9.262,9.46,9.57871354166667,9.262,9.977
2016-04-06,2016,Apr,2015-2016,1,,2,9.386,9.287,9.30233333333333,9.188,9.41
2016-04-07,2016,Apr,2015-2016,1,,2,9.78,9.3395,9.36646180555555,9.238,9.854
2016-04-08,2016,Apr,2015-2016,1,,2,9.854,9.79875,9.79564930555556,9.509,10.075
2016-04-09,2016,Apr,2015-2016,1,,2,9.485,9.46,9.49325868055556,9.139,9.879
2016-04-10,2016,Apr,2015-2016,1,,2,9.558,9.534,9.53862326388889,9.41,9.657
2016-04-11,2016,Apr,2015-2016,1,,2,9.706,9.706,9.66075,9.534,9.756
2016-04-12,2016,Apr,2015-2016,1,,2,9.485,9.608,9.60779340277778,9.485,9.731
2016-04-13,2016,Apr,2015-2016,1,,2,9.534,9.534,9.49839409722222,9.336,9.78
2016-04-14,2016,Apr,2015-2016,1,,2,9.952,9.589125,9.70273263888889,9.41,10.051
2016-04-15,2016,Apr,2015-2016,1,,2,9.706,9.903,9.88167013888889,9.706,9.952
2016-04-16,2016,Apr,2015-2016,1,,2,9.632,9.657,9.66144791666667,9.583,9.731
2016-04-17,2016,Apr,2015-2016,1,,2,9.682,9.657,9.66579513888889,9.608,9.756
2016-04-18,2016,Apr,2015-2016,1,,2,9.657,9.756,9.79306423611111,9.657,10.026
2016-04-19,2016,Apr,2015-2016,1,,2,9.706,9.7,9.70237326388889,9.558,10.075
2016-04-20,2016,Apr,2015-2016,1,,2,10.1,9.977,10.0237604166667,9.706,10.394
2016-04-21,2016,Apr,2015-2016,1,,2,10.32,10.3815,10.3680347222222,10.1,10.59
2016-04-22,2016,Apr,2015-2016,1,,2,10.516,10.366125,10.3843958333333,10.198,10.663
2016-04-23,2016,Apr,2015-2016,1,,2,10.736,10.7485,10.7165416666667,10.443,10.858
2016-04-24,2016,Apr,2015-2016,1,,2,10.81,10.773,10.7763923611111,10.492,11.078
2016-04-25,2016,Apr,2015-2016,1,,2,10.687,10.733,10.732984375,10.565,10.932
2016-04-26,2016,Apr,2015-2016,1,,2,10.296,10.32,10.3787204861111,10.271,10.687
2016-04-27,2016,Apr,2015-2016,1,,2,10.712,10.638,10.496375,10.198,10.761
2016-04-28,2016,Apr,2015-2016,1,,2,10.222,10.5195,10.5055104166667,10.222,10.736
2016-04-29,2016,Apr,2015-2016,1,,2,10.736,10.49775,10.4033645833333,10.124,10.736
2016-04-30,2016,Apr,2015-2016,1,,2,10.418,10.513375,10.5283854166667,10.296,10.834
2016-05-01,2016,May,2015-2016,1,,2,10.785,10.604625,10.6194392361111,10.32,10.956
2016-05-02,2016,May,2015-2016,1,,2,11.078,11.03525,11.0932621527778,10.7975,11.54
2016-05-03,2016,May,2015-2016,1,,2,10.638,11.062375,11.0428611111111,10.638,11.273
2016-05-04,2016,May,2015-2016,1,,2,10.663,10.675,10.8134774305556,10.565,11.273
2016-05-05,2016,May,2015-2016,1,,2,10.785,10.632,10.75040625,10.516,11.2
2016-05-06,2016,May,2015-2016,1,,2,10.98,10.9195,10.965703125,10.614,11.54
2016-05-07,2016,May,2015-2016,1,,2,10.858,10.834,10.8442743055556,10.565,11.127
2016-05-08,2016,May,2015-2016,1,,2,10.736,10.785,10.7810104166667,10.516,11.127
2016-05-09,2016,May,2015-2016,1,,2,10.663,10.77,10.7403420138889,10.345,11.078
2016-05-10,2016,May,2015-2016,1,,2,10.736,10.74225,10.7113107638889,10.369,10.932
2016-05-11,2016,May,2015-2016,1,,2,10.59,10.638,10.7111354166667,10.369,11.127
2016-05-12,2016,May,2015-2016,1,,2,10.541,10.541,10.6595989583333,10.345,11.273
2016-05-13,2016,May,2015-2016,1,,2,10.858,10.761,10.7063732638889,10.345,11.224
2016-05-14,2016,May,2015-2016,1,,2,12.606,11.44,11.5403263888889,10.834,12.703
2016-05-15,2016,May,2015-2016,1,,2,12.413,12.70275,12.688265625,12.364,13.04
2016-05-16,2016,May,2015-2016,1,,2,12.63,12.603,12.6539427083333,12.34,13.112
2016-05-17,2016,May,2015-2016,1,,2,11.88,12.4215,12.3777743055555,11.88,12.727
2016-05-18,2016,May,2015-2016,1,,2,12.195,11.868,12.0026267361111,11.759,12.389
2016-05-19,2016,May,2015-2016,1,,2,11.637,12.05,12.0188576388889,11.637,12.195
2016-05-20,2016,May,2015-2016,1,,2,11.686,11.7495,11.7730607638889,11.346,12.195
2016-05-21,2016,May,2015-2016,1,,2,12.05,11.856,11.8668958333333,11.613,12.171
2016-05-22,2016,May,2015-2016,1,,2,12.34,12.2435,12.2105520833333,11.88,12.461
2016-05-23,2016,May,2015-2016,1,,2,11.686,11.913375,12.02184375,11.686,12.389
2016-05-24,2016,May,2015-2016,1,,2,11.88,11.731,11.7534201388889,11.637,11.929
2016-05-25,2016,May,2015-2016,1,,2,11.783,11.92275,11.8959947916667,11.613,12.195
2016-05-26,2016,May,2015-2016,1,,2,11.759,11.88,11.8401458333333,11.565,12.098
2016-05-27,2016,May,2015-2016,1,,2,11.953,11.904,11.7991840277778,11.467,11.977
2016-05-28,2016,May,2015-2016,1,,2,12.122,12.05,12.0001649305556,11.734,12.243
2016-05-29,2016,May,2015-2016,1,,2,12.799,12.615,12.4594982638889,11.977,12.92
2016-05-30,2016,May,2015-2016,1,,2,11.929,12.6785,12.6388506944444,11.88,13.305
2016-05-31,2016,May,2015-2016,1,,2,12.606,12.2375,12.2938038194444,11.88,12.775
2016-06-01,2016,Jun,2015-2016,1,,2,12.968,12.85,12.9219756944444,12.606,13.305
2016-06-02,2016,Jun,2015-2016,1,,2,13.016,13.049,13.0559166666667,12.727,13.353
2016-06-03,2016,Jun,2015-2016,1,,2,12.799,12.941,12.8673697916667,12.413,13.112
2016-06-04,2016,Jun,2015-2016,1,,2,11.904,12.228,12.3010121527778,11.904,12.968
2016-06-05,2016,Jun,2015-2016,1,,2,12.485,12.252375,12.2506857638889,11.807,12.703
2016-06-06,2016,Jun,2015-2016,1,,2,12.558,12.639,12.5975399305556,12.243,13.016
2016-06-07,2016,Jun,2015-2016,1,,2,11.929,12.189,12.2466475694444,11.88,12.751
2016-06-08,2016,Jun,2015-2016,1,,2,12.292,12.337125,12.2278072916667,11.856,12.461
2016-06-09,2016,Jun,2015-2016,1,,2,12.316,12.449,12.5323472222222,12.243,13.04
2016-06-10,2016,Jun,2015-2016,1,,2,12.05,11.88,11.8893715277778,11.662,12.316
2016-06-11,2016,Jun,2015-2016,1,,2,13.112,12.648,12.5517395833333,12.025,13.161
2016-06-12,2016,Jun,2015-2016,1,,2,12.944,13.016,12.9832152777778,12.847,13.112
2016-06-13,2016,Jun,2015-2016,1,,2,12.799,12.947,13.0447309027778,12.799,13.377
2016-06-14,2016,Jun,2015-2016,1,,2,12.63,12.654,12.6703559027778,12.437,12.896
2016-06-15,2016,Jun,2015-2016,1,,2,12.823,12.763,12.7633663194444,12.509,13.064
2016-06-16,2016,Jun,2015-2016,1,,2,12.703,12.784,12.7717638888889,12.654,12.896
2016-06-17,2016,Jun,2015-2016,1,,2,12.847,12.742,12.8392847222222,12.63,13.161
2016-06-18,2016,Jun,2015-2016,1,,2,12.727,12.6,12.5869236111111,12.292,12.847
2016-06-19,2016,Jun,2015-2016,1,,2,12.992,13.164,13.1146371527778,12.678,13.425
2016-06-20,2016,Jun,2015-2016,1,,2,12.727,12.902,12.9735989583333,12.703,13.425
2016-06-21,2016,Jun,2015-2016,1,,2,12.871,12.968,12.9700625,12.739,13.112
2016-06-22,2016,Jun,2015-2016,1,,2,12.534,12.922625,12.9075642361111,12.534,13.064
2016-06-23,2016,Jun,2015-2016,1,,2,12.606,12.533875,12.5169236111111,12.292,12.678
2016-06-24,2016,Jun,2015-2016,1,,2,13.594,13.266,13.1061875,12.606,13.618
2016-06-25,2016,Jun,2015-2016,1,,2,13.353,13.377,13.3923489583333,13.281,13.594
2016-06-26,2016,Jun,2015-2016,1,,2,12.992,13.314,13.348328125,12.896,13.954
2016-06-27,2016,Jun,2015-2016,1,,2,13.69,13.392,13.3245798611111,12.847,13.906
2016-06-28,2016,Jun,2015-2016,1,,2,13.618,13.651,13.6735972222222,13.353,14.194
2016-06-29,2016,Jun,2015-2016,1,,2,13.882,13.84,13.9559444444444,13.497,14.745
2016-06-30,2016,Jun,2015-2016,1,,2,14.409,14.46,14.5207934027778,13.906,14.936
2016-07-01,2016,Jul,2015-2016,1,,2,14.337,14.403,14.4966319444444,14.122,15.055
2016-07-02,2016,Jul,2015-2016,1,,2,13.786,14.236,14.145734375,13.786,14.337
2016-07-03,2016,Jul,2015-2016,1,,2,13.93,13.771,13.8295833333333,13.618,14.098
2016-07-04,2016,Jul,2015-2016,1,,2,13.858,13.909,13.9189583333333,13.738,14.17
2016-07-05,2016,Jul,2015-2016,1,,2,13.834,13.951,13.9443680555556,13.642,14.337
2016-07-06,2016,Jul,2015-2016,1,,2,14.266,14.146,14.030375,13.473,14.433
2016-07-07,2016,Jul,2015-2016,1,,2,13.882,13.963,14.0028333333333,13.834,14.314
2016-07-08,2016,Jul,2015-2016,1,,2,13.786,13.801,13.801,13.618,13.954
2016-07-09,2016,Jul,2015-2016,1,,2,13.738,13.801,13.7929166666667,13.522,14.098
2016-07-10,2016,Jul,2015-2016,1,,2,14.05,13.972,13.939125,13.738,14.098
2016-07-11,2016,Jul,2015-2016,1,,2,13.978,13.978,13.9719583333333,13.834,14.098
2016-07-12,2016,Jul,2015-2016,1,,2,14.194,14.11,14.1082708333333,13.954,14.361
2016-07-13,2016,Jul,2015-2016,1,,2,14.433,14.361,14.422890625,14.146,14.84
2016-07-14,2016,Jul,2015-2016,1,,2,14.098,14.337,14.3208385416667,14.098,14.529
2016-07-15,2016,Jul,2015-2016,1,,2,14.266,14.278,14.3260138888889,14.098,14.673
2016-07-16,2016,Jul,2015-2016,1,,2,15.103,14.553,14.6923246527778,14.266,15.438
2016-07-17,2016,Jul,2015-2016,1,,2,14.816,15.411,15.417296875,14.816,15.796
2016-07-18,2016,Jul,2015-2016,1,,2,14.864,15.267125,15.1981180555556,14.697,15.485
2016-07-19,2016,Jul,2015-2016,1,,2,14.361,14.954,14.8703385416667,14.361,15.27
2016-07-20,2016,Jul,2015-2016,1,,2,14.457,14.505,14.5023819444444,14.098,14.888
2016-07-21,2016,Jul,2015-2016,1,,2,14.649,14.7535,14.7113402777778,14.409,15.055
2016-07-22,2016,Jul,2015-2016,1,,2,14.912,14.966,14.902078125,14.577,15.175
2016-07-23,2016,Jul,2015-2016,1,,2,14.84,14.864,14.8239583333333,14.649,14.9
2016-07-24,2016,Jul,2015-2016,1,,2,15.031,14.975,14.9417309027778,14.816,15.055
2016-07-25,2016,Jul,2015-2016,1,,2,14.385,14.529,14.5481284722222,14.17,15.0195
2016-07-26,2016,Jul,2015-2016,1,,2,14.673,14.463,14.4822013888889,14.146,14.96
2016-07-27,2016,Jul,2015-2016,1,,2,14.553,14.526,14.5788541666667,14.361,14.984
2016-07-28,2016,Jul,2015-2016,1,,2,14.745,14.685,14.7166180555556,14.529,14.984
2016-07-29,2016,Jul,2015-2016,1,,2,14.361,14.816,14.8697152777778,14.361,15.294
2016-07-30,2016,Jul,2015-2016,1,,2,14.05,14.17,14.2427204861111,13.978,14.816
2016-07-31,2016,Jul,2015-2016,1,,2,14.194,14.33425,14.3805555555556,14.05,14.673
2016-08-01,2016,Aug,2015-2016,1,,2,13.93,14.28675,14.2753541666667,13.882,14.697
2016-08-02,2016,Aug,2015-2016,1,,2,13.497,13.855,13.858078125,13.497,14.266
2016-08-03,2016,Aug,2015-2016,1,,2,13.57,13.449,13.4296649305556,13.064,13.714
2016-08-04,2016,Aug,2015-2016,1,,2,12.896,13.5065,13.4831145833333,12.871,14.146
2016-08-05,2016,Aug,2015-2016,1,,2,12.847,12.71475,12.7643211805556,12.437,13.185
2016-08-06,2016,Aug,2015-2016,1,,2,13.185,13.1,13.0802743055556,12.727,13.401
2016-08-07,2016,Aug,2015-2016,1,,2,13.112,13.097,13.0435989583333,12.63,13.449
2016-08-08,2016,Aug,2015-2016,1,,2,13.594,13.299,13.2800520833333,12.92,13.642
2016-08-09,2016,Aug,2015-2016,1,,2,13.954,13.999,13.9229583333333,13.377,14.577
2016-08-10,2016,Aug,2015-2016,1,,2,12.364,12.582,12.8576215277778,12.364,13.954
2016-08-11,2016,Aug,2015-2016,1,,2,13.69,13.257,13.0978020833333,12.364,13.786
2016-08-12,2016,Aug,2015-2016,1,,2,13.377,13.182,13.2285225694444,12.823,13.978
2016-08-13,2016,Aug,2015-2016,1,,2,13.786,14.047,13.954421875,13.305,14.673
2016-08-14,2016,Aug,2015-2016,1,,2,14.409,14.631,14.655078125,13.738,15.485
2016-08-15,2016,Aug,2015-2016,1,,2,13.882,14.074,14.1972274305556,13.762,14.84
2016-08-16,2016,Aug,2015-2016,1,,2,14.385,14.017,14.0251961805556,13.642,14.433
2016-08-17,2016,Aug,2015-2016,1,,2,13.281,13.311,13.4341319444444,13.016,14.385
2016-08-18,2016,Aug,2015-2016,1,,2,12.606,12.488,12.6174010416667,12.268,13.281
2016-08-19,2016,Aug,2015-2016,1,,2,11.832,11.868,11.9200729166667,11.759,12.727
2016-08-20,2016,Aug,2015-2016,1,,2,12.122,12.08,11.97753125,11.37,12.558
2016-08-21,2016,Aug,2015-2016,1,,2,11.783,12.186,12.1506302083333,11.783,12.437
2016-08-22,2016,Aug,2015-2016,1,,2,11.394,11.804375,11.8355711805556,11.394,12.461
2016-08-23,2016,Aug,2015-2016,1,,2,12.122,11.783,11.7090902777778,11.297,12.147
2016-08-24,2016,Aug,2015-2016,1,,2,12.316,11.955875,11.9757743055556,11.686,12.389
2016-08-25,2016,Aug,2015-2016,1,,2,11.637,11.452,11.5520052083333,11.321,12.316
2016-08-26,2016,Aug,2015-2016,1,,2,11.565,11.345625,11.3825763888889,11.2,11.637
2016-08-27,2016,Aug,2015-2016,1,,2,12.074,11.792,11.7895121527778,11.54,12.147
2016-08-28,2016,Aug,2015-2016,1,,2,12.268,12.476,12.4719270833333,12.086,12.775
2016-08-29,2016,Aug,2015-2016,1,,2,12.654,12.476,12.5080034722222,12.268,12.799
2016-08-30,2016,Aug,2015-2016,1,,2,12.074,12.5,12.4448402777778,12.074,12.654
2016-08-31,2016,Aug,2015-2016,1,,2,12.558,12.219,12.2752152777778,11.977,12.727
2016-09-01,2016,Sep,2015-2016,1,,2,12.582,12.555,12.5395138888889,12.437,12.63
2016-09-02,2016,Sep,2015-2016,1,,2,12.678,12.636,12.6264930555556,12.437,12.775
2016-09-03,2016,Sep,2015-2016,1,,2,12.63,12.727,12.7314236111111,12.582,12.944
2016-09-04,2016,Sep,2015-2016,1,,2,12.751,12.636,12.6396440972222,12.413,12.896
2016-09-05,2016,Sep,2015-2016,1,,2,12.944,12.929,12.8792621527778,12.703,12.968
2016-09-06,2016,Sep,2015-2016,1,,2,13.161,12.956,12.990046875,12.799,13.233
2016-09-07,2016,Sep,2015-2016,1,,2,12.968,13.158,13.0794045138889,12.896,13.209
2016-09-08,2016,Sep,2015-2016,1,,2,12.92,12.908,12.8084444444444,12.534,12.992
2016-09-09,2016,Sep,2015-2016,1,,2,12.678,13.067,12.9992881944444,12.678,13.401
2016-09-10,2016,Sep,2015-2016,1,,2,12.219,12.678,12.5841232638889,12.122,12.823
2016-09-11,2016,Sep,2015-2016,1,,2,12.268,12.264875,12.2462690972222,12.122,12.34
2016-09-12,2016,Sep,2015-2016,1,,2,12.485,12.44,12.4218732638889,12.268,12.63
2016-09-13,2016,Sep,2015-2016,1,,2,12.582,12.754,12.7619982638889,12.485,13.04
2016-09-14,2016,Sep,2015-2016,1,,2,12.727,12.712,12.6875190972222,12.509,12.896
2016-09-15,2016,Sep,2015-2016,1,,2,13.137,13.043,13.0433159722222,12.703,13.329
2016-09-16,2016,Sep,2015-2016,1,,2,12.799,12.859,12.9370659722222,12.703,13.329
2016-09-17,2016,Sep,2015-2016,1,,2,12.703,12.775,12.7225416666667,12.292,12.896
2016-09-18,2016,Sep,2015-2016,1,,2,12.34,12.482,12.5271302083333,12.316,12.751
2016-09-19,2016,Sep,2015-2016,1,,2,12.122,12.234,12.2138506944444,12.025,12.34
2016-09-20,2016,Sep,2015-2016,1,,2,12.292,12.268,12.2470659722222,12.122,12.34
2016-09-21,2016,Sep,2015-2016,1,,2,12.219,12.219,12.2269809027778,12.171,12.292
2016-09-22,2016,Sep,2015-2016,1,,2,12.001,12.147,12.1571770833333,12.001,12.268
2016-09-23,2016,Sep,2015-2016,1,,2,12.364,12.176625,12.2115086805556,11.953,12.63
2016-09-24,2016,Sep,2015-2016,1,,2,12.292,12.334,12.3245972222222,12.122,12.485
2016-09-25,2016,Sep,2015-2016,1,,2,11.88,12.013,12.0109305555556,11.686,12.292
2016-09-26,2016,Sep,2015-2016,1,,2,11.929,11.929,11.9398871527778,11.832,12.05
2016-09-27,2016,Sep,2015-2016,1,,2,11.419,11.516,11.5234826388889,11.419,11.929
2016-09-28,2016,Sep,2015-2016,1,,2,11.565,11.525,11.5397743055556,11.419,11.71
2016-09-29,2016,Sep,2015-2016,1,,2,11.565,11.565,11.568625,11.492,11.662
2016-09-30,2016,Sep,2015-2016,1,,2,11.71,11.652625,11.6497413194444,11.516,11.807
2016-10-01,2016,Oct,2016-2017,1,,2,11.734,11.692,11.6767777777778,11.443,11.832
2016-10-02,2016,Oct,2016-2017,1,,2,11.71,11.686,11.6554166666667,11.394,11.783
2016-10-03,2016,Oct,2016-2017,1,,2,11.394,11.422,11.4535208333333,11.346,11.71
2016-10-04,2016,Oct,2016-2017,1,,2,11.2,11.32725,11.3208715277778,11.2,11.382
2016-10-05,2016,Oct,2016-2017,1,,2,11.248,11.291,11.2720694444444,11.2,11.346
2016-10-06,2016,Oct,2016-2017,1,,2,11.248,11.1995,11.1567222222222,10.932,11.321
2016-10-07,2016,Oct,2016-2017,1,,2,11.443,11.39725,11.3762586805556,11.224,11.54
2016-10-08,2016,Oct,2016-2017,1,,2,11.37,11.394,11.4041267361111,11.346,11.565
2016-10-09,2016,Oct,2016-2017,1,,2,11.589,11.4915,11.4714947916667,11.248,11.613
2016-10-10,2016,Oct,2016-2017,1,,2,11.248,11.37,11.3913697916667,11.175,11.589
2016-10-11,2016,Oct,2016-2017,1,,2,10.932,10.813,10.8133333333333,10.516,11.248
2016-10-12,2016,Oct,2016-2017,1,"MV:10 of 24 missing:1 of 24 flagged",3,,10.522375,10.5576517497022,10.418,10.932
2016-10-13,2016,Oct,2016-2017,1,,9,,,,,
2016-10-14,2016,Oct,2016-2017,1,,9,,,,,
2016-10-15,2016,Oct,2016-2017,1,,9,,,,,
2016-10-16,2016,Oct,2016-2017,1,,9,,,,,
2016-10-17,2016,Oct,2016-2017,1,,9,,,,,
2016-10-18,2016,Oct,2016-2017,1,,9,,,,,
2016-10-19,2016,Oct,2016-2017,1,,9,,,,,
2016-10-20,2016,Oct,2016-2017,1,,9,,,,,
2016-10-21,2016,Oct,2016-2017,1,,9,,,,,
2016-10-22,2016,Oct,2016-2017,1,,9,,,,,
2016-10-23,2016,Oct,2016-2017,1,,9,,,,,
2016-10-24,2016,Oct,2016-2017,1,,9,,,,,
2016-10-25,2016,Oct,2016-2017,1,,9,,,,,
2016-10-26,2016,Oct,2016-2017,1,,9,,,,,
2016-10-27,2016,Oct,2016-2017,1,,9,,,,,
2016-10-28,2016,Oct,2016-2017,1,,9,,,,,
2016-10-29,2016,Oct,2016-2017,1,,9,,,,,
2016-10-30,2016,Oct,2016-2017,1,,9,,,,,
2016-10-31,2016,Oct,2016-2017,1,,9,,,,,
2016-11-01,2016,Nov,2016-2017,1,,9,,,,,
2016-11-02,2016,Nov,2016-2017,1,,9,,,,,
2016-11-03,2016,Nov,2016-2017,1,,9,,,,,
2016-11-04,2016,Nov,2016-2017,1,,9,,,,,
2016-11-05,2016,Nov,2016-2017,1,,9,,,,,
2016-11-06,2016,Nov,2016-2017,1,,9,,,,,
2016-11-07,2016,Nov,2016-2017,1,,9,,,,,
2016-11-08,2016,Nov,2016-2017,1,,9,,,,,
2016-11-09,2016,Nov,2016-2017,1,,9,,,,,
2016-11-10,2016,Nov,2016-2017,1,,9,,,,,
2016-11-11,2016,Nov,2016-2017,1,,9,,,,,
2016-11-12,2016,Nov,2016-2017,1,,9,,,,,
2016-11-13,2016,Nov,2016-2017,1,,9,,,,,
2016-11-14,2016,Nov,2016-2017,1,,9,,,,,
2016-11-15,2016,Nov,2016-2017,1,,9,,,,,
2016-11-16,2016,Nov,2016-2017,1,,9,,,,,
2016-11-17,2016,Nov,2016-2017,1,,9,,,,,
2016-11-18,2016,Nov,2016-2017,1,,9,,,,,
2016-11-19,2016,Nov,2016-2017,1,,9,,,,,
2016-11-20,2016,Nov,2016-2017,1,,9,,,,,
2016-11-21,2016,Nov,2016-2017,1,,9,,,,,
2016-11-22,2016,Nov,2016-2017,1,,9,,,,,
2016-11-23,2016,Nov,2016-2017,1,,9,,,,,
2016-11-24,2016,Nov,2016-2017,1,,9,,,,,
2016-11-25,2016,Nov,2016-2017,1,,9,,,,,
2016-11-26,2016,Nov,2016-2017,1,,9,,,,,
2016-11-27,2016,Nov,2016-2017,1,,9,,,,,
2016-11-28,2016,Nov,2016-2017,1,,9,,,,,
2016-11-29,2016,Nov,2016-2017,1,,9,,,,,
2016-11-30,2016,Nov,2016-2017,1,,9,,,,,
2016-12-01,2016,Dec,2016-2017,1,,9,,,,,
2016-12-02,2016,Dec,2016-2017,1,,9,,,,,
2016-12-03,2016,Dec,2016-2017,1,,9,,,,,
2016-12-04,2016,Dec,2016-2017,1,,9,,,,,
2016-12-05,2016,Dec,2016-2017,1,,9,,,,,
2016-12-06,2016,Dec,2016-2017,1,,9,,,,,
2016-12-07,2016,Dec,2016-2017,1,,9,,,,,
2016-12-08,2016,Dec,2016-2017,1,,9,,,,,
2016-12-09,2016,Dec,2016-2017,1,,9,,,,,
2016-12-10,2016,Dec,2016-2017,1,,9,,,,,
2016-12-11,2016,Dec,2016-2017,1,,9,,,,,
2016-12-12,2016,Dec,2016-2017,1,,9,,,,,
2016-12-13,2016,Dec,2016-2017,1,,9,,,,,
2016-12-14,2016,Dec,2016-2017,1,,9,,,,,
2016-12-15,2016,Dec,2016-2017,1,,9,,,,,
2016-12-16,2016,Dec,2016-2017,1,,9,,,,,
2016-12-17,2016,Dec,2016-2017,1,,9,,,,,
2016-12-18,2016,Dec,2016-2017,1,,9,,,,,
2016-12-19,2016,Dec,2016-2017,1,,9,,,,,
2016-12-20,2016,Dec,2016-2017,1,,9,,,,,
2016-12-21,2016,Dec,2016-2017,1,,9,,,,,
2016-12-22,2016,Dec,2016-2017,1,,9,,,,,
2016-12-23,2016,Dec,2016-2017,1,,9,,,,,
2016-12-24,2016,Dec,2016-2017,1,,9,,,,,
2016-12-25,2016,Dec,2016-2017,1,,9,,,,,
2016-12-26,2016,Dec,2016-2017,1,,9,,,,,
2016-12-27,2016,Dec,2016-2017,1,,9,,,,,
2016-12-28,2016,Dec,2016-2017,1,,9,,,,,
2016-12-29,2016,Dec,2016-2017,1,,9,,,,,
2016-12-30,2016,Dec,2016-2017,1,,9,,,,,
2016-12-31,2016,Dec,2016-2017,1,,9,,,,,
2017-01-01,2017,Jan,2016-2017,1,,9,,,,,
2017-01-02,2017,Jan,2016-2017,1,,9,,,,,
2017-01-03,2017,Jan,2016-2017,1,,9,,,,,
2017-01-04,2017,Jan,2016-2017,1,,9,,,,,
2017-01-05,2017,Jan,2016-2017,1,,9,,,,,
2017-01-06,2017,Jan,2016-2017,1,,9,,,,,
2017-01-07,2017,Jan,2016-2017,1,,9,,,,,
2017-01-08,2017,Jan,2016-2017,1,,9,,,,,
2017-01-09,2017,Jan,2016-2017,1,,9,,,,,
2017-01-10,2017,Jan,2016-2017,1,,9,,,,,
2017-01-11,2017,Jan,2016-2017,1,,9,,,,,
2017-01-12,2017,Jan,2016-2017,1,,9,,,,,
2017-01-13,2017,Jan,2016-2017,1,,9,,,,,
2017-01-14,2017,Jan,2016-2017,1,,9,,,,,
2017-01-15,2017,Jan,2016-2017,1,,9,,,,,
2017-01-16,2017,Jan,2016-2017,1,,9,,,,,
2017-01-17,2017,Jan,2016-2017,1,,9,,,,,
2017-01-18,2017,Jan,2016-2017,1,,9,,,,,
2017-01-19,2017,Jan,2016-2017,1,,9,,,,,
2017-01-20,2017,Jan,2016-2017,1,,9,,,,,
2017-01-21,2017,Jan,2016-2017,1,,9,,,,,
2017-01-22,2017,Jan,2016-2017,1,,9,,,,,
2017-01-23,2017,Jan,2016-2017,1,,9,,,,,
2017-01-24,2017,Jan,2016-2017,1,,9,,,,,
2017-01-25,2017,Jan,2016-2017,1,,9,,,,,
2017-01-26,2017,Jan,2016-2017,1,,9,,,,,
2017-01-27,2017,Jan,2016-2017,1,,9,,,,,
2017-01-28,2017,Jan,2016-2017,1,,9,,,,,
2017-01-29,2017,Jan,2016-2017,1,,9,,,,,
2017-01-30,2017,Jan,2016-2017,1,,9,,,,,
2017-01-31,2017,Jan,2016-2017,1,,9,,,,,
2017-02-01,2017,Feb,2016-2017,1,,9,,,,,
2017-02-02,2017,Feb,2016-2017,1,,9,,,,,
2017-02-03,2017,Feb,2016-2017,1,,9,,,,,
2017-02-04,2017,Feb,2016-2017,1,,9,,,,,
2017-02-05,2017,Feb,2016-2017,1,,9,,,,,
2017-02-06,2017,Feb,2016-2017,1,,9,,,,,
2017-02-07,2017,Feb,2016-2017,1,,9,,,,,
2017-02-08,2017,Feb,2016-2017,1,,9,,,,,
2017-02-09,2017,Feb,2016-2017,1,,9,,,,,
2017-02-10,2017,Feb,2016-2017,1,,9,,,,,
2017-02-11,2017,Feb,2016-2017,1,,9,,,,,
2017-02-12,2017,Feb,2016-2017,1,,9,,,,,
2017-02-13,2017,Feb,2016-2017,1,,9,,,,,
2017-02-14,2017,Feb,2016-2017,1,,9,,,,,
2017-02-15,2017,Feb,2016-2017,1,,9,,,,,
2017-02-16,2017,Feb,2016-2017,1,,9,,,,,
2017-02-17,2017,Feb,2016-2017,1,,9,,,,,
2017-02-18,2017,Feb,2016-2017,1,,9,,,,,
2017-02-19,2017,Feb,2016-2017,1,,9,,,,,
2017-02-20,2017,Feb,2016-2017,1,,9,,,,,
2017-02-21,2017,Feb,2016-2017,1,,9,,,,,
2017-02-22,2017,Feb,2016-2017,1,,9,,,,,
2017-02-23,2017,Feb,2016-2017,1,,9,,,,,
2017-02-24,2017,Feb,2016-2017,1,,9,,,,,
2017-02-25,2017,Feb,2016-2017,1,,9,,,,,
2017-02-26,2017,Feb,2016-2017,1,,9,,,,,
2017-02-27,2017,Feb,2016-2017,1,,9,,,,,
2017-02-28,2017,Feb,2016-2017,1,,9,,,,,
2017-03-01,2017,Mar,2016-2017,1,,9,,,,,
2017-03-02,2017,Mar,2016-2017,1,,9,,,,,
2017-03-03,2017,Mar,2016-2017,1,,9,,,,,
2017-03-04,2017,Mar,2016-2017,1,,9,,,,,
2017-03-05,2017,Mar,2016-2017,1,,9,,,,,
2017-03-06,2017,Mar,2016-2017,1,,9,,,,,
2017-03-07,2017,Mar,2016-2017,1,,9,,,,,
2017-03-08,2017,Mar,2016-2017,1,,9,,,,,
2017-03-09,2017,Mar,2016-2017,1,,9,,,,,
2017-03-10,2017,Mar,2016-2017,1,,9,,,,,
2017-03-11,2017,Mar,2016-2017,1,,9,,,,,
2017-03-12,2017,Mar,2016-2017,1,,9,,,,,
2017-03-13,2017,Mar,2016-2017,1,,9,,,,,
2017-03-14,2017,Mar,2016-2017,1,,9,,,,,
2017-03-15,2017,Mar,2016-2017,1,,9,,,,,
2017-03-16,2017,Mar,2016-2017,1,,9,,,,,
2017-03-17,2017,Mar,2016-2017,1,,9,,,,,
2017-03-18,2017,Mar,2016-2017,1,,9,,,,,
2017-03-19,2017,Mar,2016-2017,1,,9,,,,,
2017-03-20,2017,Mar,2016-2017,1,,9,,,,,
2017-03-21,2017,Mar,2016-2017,1,,9,,,,,
2017-03-22,2017,Mar,2016-2017,1,,9,,,,,
2017-03-23,2017,Mar,2016-2017,1,,9,,,,,
2017-03-24,2017,Mar,2016-2017,1,,9,,,,,
2017-03-25,2017,Mar,2016-2017,1,,9,,,,,
2017-03-26,2017,Mar,2016-2017,1,,9,,,,,
2017-03-27,2017,Mar,2016-2017,1,,9,,,,,
2017-03-28,2017,Mar,2016-2017,1,,9,,,,,
2017-03-29,2017,Mar,2016-2017,1,,9,,,,,
2017-03-30,2017,Mar,2016-2017,1,,9,,,,,
2017-03-31,2017,Mar,2016-2017,1,,9,,,,,
2017-04-01,2017,Apr,2016-2017,1,,9,,,,,
2017-04-02,2017,Apr,2016-2017,1,,9,,,,,
2017-04-03,2017,Apr,2016-2017,1,,9,,,,,
2017-04-04,2017,Apr,2016-2017,1,,9,,,,,
2017-04-05,2017,Apr,2016-2017,1,,9,,,,,
2017-04-06,2017,Apr,2016-2017,1,,9,,,,,
2017-04-07,2017,Apr,2016-2017,1,,9,,,,,
2017-04-08,2017,Apr,2016-2017,1,,9,,,,,
2017-04-09,2017,Apr,2016-2017,1,,9,,,,,
2017-04-10,2017,Apr,2016-2017,1,,9,,,,,
2017-04-11,2017,Apr,2016-2017,1,,9,,,,,
2017-04-12,2017,Apr,2016-2017,1,,9,,,,,
2017-04-13,2017,Apr,2016-2017,1,,9,,,,,
2017-04-14,2017,Apr,2016-2017,1,,9,,,,,
2017-04-15,2017,Apr,2016-2017,1,,9,,,,,
2017-04-16,2017,Apr,2016-2017,1,,9,,,,,
2017-04-17,2017,Apr,2016-2017,1,"MV:15 of 24 missing:1 of 24 flagged",3,9.077,9.176,9.125875,8.978,9.275
2017-04-18,2017,Apr,2016-2017,1,,2,9.768,9.768,9.59434895833333,9.077,10.259
2017-04-19,2017,Apr,2016-2017,1,,2,9.768,9.768,9.81495138888889,9.669,10.161
2017-04-20,2017,Apr,2016-2017,1,,2,9.571,9.768,9.80693229166667,9.571,10.259
2017-04-21,2017,Apr,2016-2017,1,,2,9.571,9.669,9.77411805555556,9.373,10.748
2017-04-22,2017,Apr,2016-2017,1,,2,9.965,9.7185,9.81345486111111,9.571,10.357
2017-04-23,2017,Apr,2016-2017,1,,2,9.866,10.161,10.2244565972222,9.866,10.651
2017-04-24,2017,Apr,2016-2017,1,,2,10.455,10.014,10.1561857638889,9.768,10.846
2017-04-25,2017,Apr,2016-2017,1,,2,10.161,10.34475,10.3566354166667,9.866,10.944
2017-04-26,2017,Apr,2016-2017,1,,2,10.259,10.1365,10.17171875,10.063,10.357
2017-04-27,2017,Apr,2016-2017,1,,2,10.455,10.259,10.1504791666667,9.472,10.748
2017-04-28,2017,Apr,2016-2017,1,,2,10.455,10.455,10.5004791666667,10.161,10.846
2017-04-29,2017,Apr,2016-2017,1,,2,9.866,10.063,10.1115711805556,9.866,10.651
2017-04-30,2017,Apr,2016-2017,1,,2,9.965,9.927875,9.90779340277778,9.669,10.063
2017-05-01,2017,May,2016-2017,1,,2,10.161,10.112,10.1177847222222,9.965,10.357
2017-05-02,2017,May,2016-2017,1,,2,9.965,10.063,10.0917430555556,9.866,10.455
2017-05-03,2017,May,2016-2017,1,,2,10.259,10.161,10.0970798611111,9.866,10.259
2017-05-04,2017,May,2016-2017,1,,2,10.259,10.259,10.2583194444445,10.063,10.455
2017-05-05,2017,May,2016-2017,1,,2,10.063,10.259,10.2518541666667,10.063,10.357
2017-05-06,2017,May,2016-2017,1,,2,9.965,10.09975,10.1312256944444,9.965,10.357
2017-05-07,2017,May,2016-2017,1,,2,10.063,10.161,10.1921354166667,9.965,10.553
2017-05-08,2017,May,2016-2017,1,,2,10.161,10.063,10.0914131944444,9.965,10.259
2017-05-09,2017,May,2016-2017,1,,2,10.259,10.161,10.2125520833333,10.063,10.455
2017-05-10,2017,May,2016-2017,1,,2,10.357,10.3325,10.3153159722222,10.161,10.455
2017-05-11,2017,May,2016-2017,1,,2,10.651,10.651,10.6263368055556,10.357,10.944
2017-05-12,2017,May,2016-2017,1,,2,10.944,10.83375,10.7851857638889,10.553,11.041
2017-05-13,2017,May,2016-2017,1,,2,10.748,10.846,10.861875,10.748,11.041
2017-05-14,2017,May,2016-2017,1,,2,10.748,10.846,10.8047152777778,10.553,10.944
2017-05-15,2017,May,2016-2017,1,,2,10.357,10.455,10.4155052083333,10.259,10.748
2017-05-16,2017,May,2016-2017,1,,2,10.455,10.455,10.4813298611111,10.259,10.748
2017-05-17,2017,May,2016-2017,1,,2,11.431,11.3825,11.1127777777778,10.455,11.528
2017-05-18,2017,May,2016-2017,1,,2,10.944,11.24825,11.2627552083333,10.944,11.528
2017-05-19,2017,May,2016-2017,1,,2,11.334,11.041,10.9882673611111,10.553,11.431
2017-05-20,2017,May,2016-2017,1,,2,12.401,12.11,12.0126197916667,11.334,13.076
2017-05-21,2017,May,2016-2017,1,,2,12.401,12.594,12.7812916666667,12.401,13.558
2017-05-22,2017,May,2016-2017,1,,2,12.207,12.726375,12.68971875,12.11,13.365
2017-05-23,2017,May,2016-2017,1,,2,12.69,12.883,12.8051684027778,12.207,13.461
2017-05-24,2017,May,2016-2017,1,,2,11.236,11.528,11.7747465277778,11.139,12.642
2017-05-25,2017,May,2016-2017,1,,2,11.722,11.431,11.5241076388889,10.944,12.11
2017-05-26,2017,May,2016-2017,1,,2,11.528,11.625,11.57953125,11.334,11.819
2017-05-27,2017,May,2016-2017,1,,2,11.334,11.64925,11.6232743055556,11.236,12.013
2017-05-28,2017,May,2016-2017,1,,2,11.722,11.661375,11.6302013888889,11.139,12.11
2017-05-29,2017,May,2016-2017,1,,2,11.139,11.528,11.4848107638889,10.944,12.013
2017-05-30,2017,May,2016-2017,1,,2,11.334,11.236,11.1600711805556,10.846,11.334
2017-05-31,2017,May,2016-2017,1,,2,11.431,11.431,11.3943246527778,11.236,11.528
2017-06-01,2017,Jun,2016-2017,1,,2,11.625,11.528,11.5317048611111,11.334,11.819
2017-06-02,2017,Jun,2016-2017,1,,2,11.625,11.625,11.6553125,11.334,12.11
2017-06-03,2017,Jun,2016-2017,1,,2,12.013,11.89175,11.9240833333333,11.528,12.401
2017-06-04,2017,Jun,2016-2017,1,,2,11.625,11.952375,11.916,11.625,12.207
2017-06-05,2017,Jun,2016-2017,1,,2,11.625,11.625,11.6896666666667,11.528,12.013
2017-06-06,2017,Jun,2016-2017,1,,2,12.013,11.79475,11.8762569444444,11.625,12.207
2017-06-07,2017,Jun,2016-2017,1,,2,12.11,12.243375,12.2263663194444,12.013,12.401
2017-06-08,2017,Jun,2016-2017,1,,2,12.11,12.207,12.1962222222222,12.013,12.401
2017-06-09,2017,Jun,2016-2017,1,,2,12.207,12.304,12.2470954861111,11.916,12.594
2017-06-10,2017,Jun,2016-2017,1,,2,11.722,12.013,12.0346753472222,11.722,12.497
2017-06-11,2017,Jun,2016-2017,1,,2,12.207,12.291875,12.1817760416667,11.722,12.594
2017-06-12,2017,Jun,2016-2017,1,,2,12.787,12.811,12.695125,12.207,13.173
2017-06-13,2017,Jun,2016-2017,1,,2,13.365,13.173,13.1313020833333,12.69,13.461
2017-06-14,2017,Jun,2016-2017,1,,2,12.594,12.98,12.9334496527778,12.594,13.365
2017-06-15,2017,Jun,2016-2017,1,,2,12.207,12.606,12.5606371527778,12.11,12.883
2017-06-16,2017,Jun,2016-2017,1,,2,12.69,12.207,12.2751545138889,11.819,12.787
2017-06-17,2017,Jun,2016-2017,1,,2,13.076,12.883,12.9467326388889,12.594,13.654
2017-06-18,2017,Jun,2016-2017,1,,2,13.269,13.173,13.1902552083333,12.883,13.558
2017-06-19,2017,Jun,2016-2017,1,,2,12.98,13.1245,13.177765625,12.883,13.654
2017-06-20,2017,Jun,2016-2017,1,,2,12.98,13.076,13.2353125,12.883,13.942
2017-06-21,2017,Jun,2016-2017,1,,2,12.69,13.173,13.1891423611111,12.69,13.75
2017-06-22,2017,Jun,2016-2017,1,,2,13.269,13.269,13.1902725694444,12.69,13.558
2017-06-23,2017,Jun,2016-2017,1,,2,13.558,13.497375,13.4848802083333,13.076,13.942
2017-06-24,2017,Jun,2016-2017,1,,2,13.654,13.57,13.5700208333333,12.98,14.134
2017-06-25,2017,Jun,2016-2017,1,,2,13.461,13.5095,13.4942864583333,12.787,14.134
2017-06-26,2017,Jun,2016-2017,1,,2,13.365,13.473125,13.5236041666667,13.173,14.038
2017-06-27,2017,Jun,2016-2017,1,,2,13.173,13.317,13.356625,12.69,14.038
2017-06-28,2017,Jun,2016-2017,1,,2,13.076,13.173,13.2810295138889,12.883,13.846
2017-06-29,2017,Jun,2016-2017,1,,2,13.365,13.293,13.377859375,12.98,13.942
2017-06-30,2017,Jun,2016-2017,1,,2,13.558,13.317,13.3747899305556,12.98,13.942
2017-07-01,2017,Jul,2016-2017,1,,2,13.654,13.654,13.6341875,13.365,13.942
2017-07-02,2017,Jul,2016-2017,1,,2,13.654,13.654,13.7152986111111,13.461,14.038
2017-07-03,2017,Jul,2016-2017,1,,2,13.173,13.654,13.5951614583333,13.173,13.942
2017-07-04,2017,Jul,2016-2017,1,,2,13.461,13.461,13.5029513888889,13.173,13.846
2017-07-05,2017,Jul,2016-2017,1,,2,13.654,13.75,13.7542690972222,13.461,14.038
2017-07-06,2017,Jul,2016-2017,1,,2,14.038,14.23,14.2183055555556,13.558,14.613
2017-07-07,2017,Jul,2016-2017,1,,2,14.613,14.505,14.4940086805556,13.942,14.9
2017-07-08,2017,Jul,2016-2017,1,,2,14.613,14.709,14.7119375,14.23,14.996
2017-07-09,2017,Jul,2016-2017,1,,2,14.23,14.421,14.3838871527778,14.134,14.565
2017-07-10,2017,Jul,2016-2017,1,,2,14.325,14.241875,14.3205920138889,13.942,14.9
2017-07-11,2017,Jul,2016-2017,1,,2,14.134,14.313125,14.2871302083333,13.75,14.804
2017-07-12,2017,Jul,2016-2017,1,,2,14.23,14.23,14.2215625,14.038,14.421
2017-07-13,2017,Jul,2016-2017,1,,2,14.23,14.23,14.2349166666667,13.846,14.709
2017-07-14,2017,Jul,2016-2017,1,,2,14.038,14.23,14.3078194444444,13.942,14.9
2017-07-15,2017,Jul,2016-2017,1,,2,14.038,14.038,14.1250069444444,13.75,14.709
2017-07-16,2017,Jul,2016-2017,1,,2,14.9,14.565,14.4476076388889,13.942,14.9
2017-07-17,2017,Jul,2016-2017,1,,2,13.942,14.086,14.1259409722222,13.75,14.9
2017-07-18,2017,Jul,2016-2017,1,,2,14.134,14.134,14.1214444444444,13.846,14.517
2017-07-19,2017,Jul,2016-2017,1,,2,14.613,14.625,14.7029253472222,14.182,15.378
2017-07-20,2017,Jul,2016-2017,1,,2,14.9,14.996,15.1584392361111,14.613,15.855
2017-07-21,2017,Jul,2016-2017,1,,2,14.709,15.127,15.1598177083333,14.709,15.664
2017-07-22,2017,Jul,2016-2017,1,,2,14.9,14.9,14.8638767361111,14.613,15.282
2017-07-23,2017,Jul,2016-2017,1,,2,14.421,14.553,14.5616788194444,14.134,15.187
2017-07-24,2017,Jul,2016-2017,1,,2,14.421,14.421,14.4597916666667,14.134,14.996
2017-07-25,2017,Jul,2016-2017,1,,2,14.9,14.84,14.7853836805556,14.325,15.187
2017-07-26,2017,Jul,2016-2017,1,,2,14.996,14.996,15.0126527777778,14.517,15.569
2017-07-27,2017,Jul,2016-2017,1,,2,14.421,14.625,14.650984375,14.23,15.091
2017-07-28,2017,Jul,2016-2017,1,,2,15.473,14.852,14.7675625,14.23,15.473
2017-07-29,2017,Jul,2016-2017,1,,2,15.569,15.473,15.3762222222222,15.091,15.569
2017-07-30,2017,Jul,2016-2017,1,,2,16.046,15.76,15.7330538194444,15.378,16.141
2017-07-31,2017,Jul,2016-2017,1,,2,15.282,15.664,15.5369652777778,14.996,16.046
2017-08-01,2017,Aug,2016-2017,1,,2,15.378,15.270125,15.2197638888889,14.996,15.473
2017-08-02,2017,Aug,2016-2017,1,,2,15.282,15.378,15.4150555555556,15.187,15.664
2017-08-03,2017,Aug,2016-2017,1,,2,14.325,14.804,14.8790086805556,14.325,15.569
2017-08-04,2017,Aug,2016-2017,1,,2,14.709,14.613,14.6274375,14.23,14.996
2017-08-05,2017,Aug,2016-2017,1,,2,15.76,15.473,15.4362239583333,14.709,16.046
2017-08-06,2017,Aug,2016-2017,1,,2,14.038,15.151,15.0896770833333,14.038,15.951
2017-08-07,2017,Aug,2016-2017,1,,2,14.23,14.062,14.0782291666667,13.654,14.804
2017-08-08,2017,Aug,2016-2017,1,,2,14.517,14.373,14.3701059027778,13.846,14.804
2017-08-09,2017,Aug,2016-2017,1,,2,14.038,14.30125,14.2994913194444,13.365,14.996
2017-08-10,2017,Aug,2016-2017,1,,2,13.75,13.894,13.9397569444444,13.558,14.613
2017-08-11,2017,Aug,2016-2017,1,,2,13.942,13.846,13.881,13.654,14.134
2017-08-12,2017,Aug,2016-2017,1,,2,14.038,13.942,13.9985,13.846,14.23
2017-08-13,2017,Aug,2016-2017,1,,2,14.421,13.99,14.0551684027778,13.654,14.421
2017-08-14,2017,Aug,2016-2017,1,,2,13.846,13.99,13.9881579861111,13.558,14.421
2017-08-15,2017,Aug,2016-2017,1,,2,14.23,13.906,13.88,13.654,14.23
2017-08-16,2017,Aug,2016-2017,1,,2,14.23,14.23,14.1669722222222,13.846,14.421
2017-08-17,2017,Aug,2016-2017,1,,2,13.75,14.325,14.2468611111111,13.654,14.517
2017-08-18,2017,Aug,2016-2017,1,,2,13.75,13.846,13.9678333333333,13.75,14.325
2017-08-19,2017,Aug,2016-2017,1,,2,13.654,13.942,13.9694513888889,13.654,14.325
2017-08-20,2017,Aug,2016-2017,1,,2,13.75,13.75,13.8424027777778,13.558,14.421
2017-08-21,2017,Aug,2016-2017,1,,2,13.942,13.942,13.9243333333333,13.654,14.134
2017-08-22,2017,Aug,2016-2017,1,,2,13.75,13.93,13.8783333333333,13.654,14.134
2017-08-23,2017,Aug,2016-2017,1,,2,14.134,13.942,13.922,13.654,14.23
2017-08-24,2017,Aug,2016-2017,1,,2,14.23,14.134,14.1003611111111,13.846,14.325
2017-08-25,2017,Aug,2016-2017,1,,2,13.942,14.134,14.0997986111111,13.846,14.325
2017-08-26,2017,Aug,2016-2017,1,,2,13.846,13.846,13.8601666666667,13.75,14.038
2017-08-27,2017,Aug,2016-2017,1,,2,13.942,13.942,13.9465,13.75,14.23
2017-08-28,2017,Aug,2016-2017,1,,2,14.038,13.942,13.9311666666667,13.846,14.038
2017-08-29,2017,Aug,2016-2017,1,,2,14.804,14.421,14.3685104166667,13.846,14.804
2017-08-30,2017,Aug,2016-2017,1,,2,14.9,14.804,14.8034166666667,14.613,14.9
2017-08-31,2017,Aug,2016-2017,1,,2,15.091,15.055375,15.0743003472222,14.9,15.378
2017-09-01,2017,Sep,2016-2017,1,,2,14.9,14.996,15.0352690972222,14.9,15.187
2017-09-02,2017,Sep,2016-2017,1,,2,14.613,14.996,14.9889496527778,14.613,15.187
2017-09-03,2017,Sep,2016-2017,1,,2,14.613,14.709,14.7200277777778,14.613,14.9
2017-09-04,2017,Sep,2016-2017,1,,2,14.804,14.804,14.7852239583333,14.613,14.996
2017-09-05,2017,Sep,2016-2017,1,,2,15.473,15.163,15.1437760416667,14.804,15.473
2017-09-06,2017,Sep,2016-2017,1,,2,15.664,15.473,15.4682517361111,15.187,15.76
2017-09-07,2017,Sep,2016-2017,1,,2,15.091,15.4255,15.4019600694444,15.091,15.76
2017-09-08,2017,Sep,2016-2017,1,,2,15.664,15.33,15.3980260416667,14.9,15.951
2017-09-09,2017,Sep,2016-2017,1,,2,15.187,15.246375,15.1828142361111,14.804,15.664
2017-09-10,2017,Sep,2016-2017,1,,2,14.421,14.852,14.7409756944444,14.23,15.187
2017-09-11,2017,Sep,2016-2017,1,,2,14.134,14.134,14.1137413194444,13.942,14.421
2017-09-12,2017,Sep,2016-2017,1,,2,13.558,13.654,13.6856666666667,13.558,14.134
2017-09-13,2017,Sep,2016-2017,1,,2,13.846,13.654,13.6327083333333,13.461,13.846
2017-09-14,2017,Sep,2016-2017,1,,2,14.134,13.942,13.9028333333333,13.75,14.134
2017-09-15,2017,Sep,2016-2017,1,,2,14.23,14.182,14.1829861111111,14.038,14.421
2017-09-16,2017,Sep,2016-2017,1,,2,14.325,14.241875,14.322015625,14.134,14.517
2017-09-17,2017,Sep,2016-2017,1,,2,14.23,14.2775,14.2789982638889,14.038,14.517
2017-09-18,2017,Sep,2016-2017,1,,2,13.846,14.038,14.068,13.846,14.23
2017-09-19,2017,Sep,2016-2017,1,,2,14.134,13.774,13.8821666666667,13.654,14.23
2017-09-20,2017,Sep,2016-2017,1,,2,13.654,13.75,13.7548333333333,13.558,14.134
2017-09-21,2017,Sep,2016-2017,1,,2,13.654,13.654,13.6551944444444,13.365,13.846
2017-09-22,2017,Sep,2016-2017,1,,2,13.558,13.558,13.5893611111111,13.461,13.75
2017-09-23,2017,Sep,2016-2017,1,,2,13.365,13.437,13.4254450231481,13.365,13.558
2017-09-24,2017,Sep,2016-2017,1,,2,13.365,13.365,13.3563233024691,13.2688888888889,13.4611111111111
2017-09-25,2017,Sep,2016-2017,1,,2,13.5577777777778,13.4611111111111,13.473677662037,13.365,13.6538888888889
2017-09-26,2017,Sep,2016-2017,1,,2,13.75,13.6538888888889,13.6522087191358,13.4611111111111,13.75
2017-09-27,2017,Sep,2016-2017,1,,2,13.8461111111111,13.7620138888889,13.7938763503086,13.6538888888889,14.0377777777778
2017-09-28,2017,Sep,2016-2017,1,,2,14.0377777777778,13.8461111111111,13.9017621527778,13.75,14.0377777777778
2017-09-29,2017,Sep,2016-2017,1,,2,13.9422222222222,14.0497916666667,14.113912037037,13.9422222222222,14.325
2017-09-30,2017,Sep,2016-2017,1,,2,13.8461111111111,13.9422222222222,13.8989708719136,13.75,14.0377777777778
2017-10-01,2017,Oct,2017-2018,1,,2,13.5577777777778,13.5577777777778,13.5775298996914,13.4611111111111,13.8461111111111
2017-10-02,2017,Oct,2017-2018,1,,2,13.2688888888889,13.4611111111111,13.4718364197531,13.2688888888889,13.6538888888889
2017-10-03,2017,Oct,2017-2018,1,,2,13.2688888888889,13.2688888888889,13.2133950617284,13.0761111111111,13.365
2017-10-04,2017,Oct,2017-2018,1,,2,12.98,13.0761111111111,13.0619367283951,12.7872222222222,13.2688888888889
2017-10-05,2017,Oct,2017-2018,1,,2,12.8827777777778,12.98,12.9698871527778,12.69,13.1727777777778
2017-10-06,2017,Oct,2017-2018,1,,2,12.98,12.98,12.9815518904321,12.7872222222222,13.1727777777778
2017-10-07,2017,Oct,2017-2018,1,,2,12.5938888888889,12.8827777777778,12.8536487268519,12.5938888888889,12.98
2017-10-08,2017,Oct,2017-2018,1,,2,12.4011111111111,12.4251388888889,12.433309220679,12.3038888888889,12.5938888888889
2017-10-09,2017,Oct,2017-2018,1,,2,11.625,12.2072222222222,11.9765827546296,11.4311111111111,12.4011111111111
2017-10-10,2017,Oct,2017-2018,1,,2,11.7222222222222,11.8188888888889,11.7993721064815,11.625,11.9161111111111
2017-10-11,2017,Oct,2017-2018,1,,2,11.5277777777778,11.625,11.6017418981481,11.4311111111111,11.7222222222222
2017-10-12,2017,Oct,2017-2018,1,,2,11.4311111111111,11.5763888888889,11.606981095679,11.4311111111111,11.7222222222222
2017-10-13,2017,Oct,2017-2018,1,,2,11.3338888888889,11.4311111111111,11.4405005787037,11.3338888888889,11.5277777777778
2017-10-14,2017,Oct,2017-2018,1,,2,11.1388888888889,11.2361111111111,11.2562181712963,11.1388888888889,11.3338888888889
2017-10-15,2017,Oct,2017-2018,1,,2,11.0411111111111,11.1388888888889,11.10375,11.0411111111111,11.1388888888889
2017-10-16,2017,Oct,2017-2018,1,,2,11.2361111111111,11.1388888888889,11.124140625,10.9438888888889,11.2361111111111
2017-10-17,2017,Oct,2017-2018,1,,2,11.1388888888889,11.2361111111111,11.2593778935185,11.1388888888889,11.3338888888889
2017-10-18,2017,Oct,2017-2018,1,,2,10.6511111111111,10.8461111111111,10.8644193672839,10.6511111111111,11.1388888888889
2017-10-19,2017,Oct,2017-2018,1,,2,10.5527777777778,10.6511111111111,10.6283381558642,10.455,10.7477777777778
2017-10-20,2017,Oct,2017-2018,1,,2,10.5527777777778,10.6511111111111,10.7037847222222,10.5527777777778,10.8461111111111
2017-10-21,2017,Oct,2017-2018,1,,2,10.1611111111111,10.2588888888889,10.2282995756173,9.965,10.5527777777778
2017-10-22,2017,Oct,2017-2018,1,,2,10.0627777777778,10.0627777777778,10.077377507716,9.86611111111111,10.2588888888889
2017-10-23,2017,Oct,2017-2018,1,,2,10.1611111111111,9.92791666666666,9.95010320216049,9.76777777777778,10.1611111111111
2017-10-24,2017,Oct,2017-2018,1,,2,10.455,10.1611111111111,10.1638647762346,9.965,10.455
2017-10-25,2017,Oct,2017-2018,1,,2,9.86611111111111,9.91555555555555,9.97434799382716,9.76777777777778,10.5527777777778
2017-10-26,2017,Oct,2017-2018,1,,2,10.0627777777778,9.965,10.0019733796296,9.86611111111111,10.0627777777778
2017-10-27,2017,Oct,2017-2018,1,,2,10.1611111111111,10.0627777777778,10.1001649305556,10.0627777777778,10.1611111111111
2017-10-28,2017,Oct,2017-2018,1,,2,10.2588888888889,10.1611111111111,10.1785841049383,10.0627777777778,10.2588888888889
2017-10-29,2017,Oct,2017-2018,1,,2,9.965,9.89083333333333,9.92821469907408,9.76777777777778,10.2588888888889
2017-10-30,2017,Oct,2017-2018,1,,2,9.47222222222222,9.4225,9.5896981095679,9.275,9.965
2017-10-31,2017,Oct,2017-2018,1,,2,9.66888888888889,9.48458333333333,9.50152970679012,9.275,9.76777777777778
2017-11-01,2017,Nov,2017-2018,1,,2,9.76777777777778,9.66888888888889,9.70786072530864,9.66888888888889,9.76777777777778
2017-11-02,2017,Nov,2017-2018,1,,2,9.07722222222222,9.39763888888889,9.38535397376543,8.87888888888889,9.86611111111111
2017-11-03,2017,Nov,2017-2018,1,,2,9.37277777777778,9.07722222222222,9.12353009259259,8.68,9.66888888888889
2017-11-04,2017,Nov,2017-2018,1,,2,8.08222222222222,8.31972222222222,8.36773823302469,7.68222222222222,9.37277777777778
2017-11-05,2017,Nov,2017-2018,1,,2,7.88222222222222,8.02006944444445,8.06363040123457,7.38111111111111,8.58111111111111
2017-11-06,2017,Nov,2017-2018,1,,2,7.78222222222222,7.71972222222222,7.64685956790124,6.57277777777778,8.08222222222222
2017-11-07,2017,Nov,2017-2018,1,,2,7.88222222222222,7.78222222222222,7.83201388888889,7.48111111111111,8.18222222222222
2017-11-08,2017,Nov,2017-2018,1,,2,8.18222222222222,8.04493055555556,8.0658063271605,7.78222222222222,8.38222222222222
2017-11-09,2017,Nov,2017-2018,1,,2,8.28222222222222,8.18222222222222,8.18138117283951,7.98277777777778,8.28222222222222
2017-11-10,2017,Nov,2017-2018,1,,2,8.28222222222222,8.28222222222222,8.28986111111111,8.18222222222222,8.38222222222222
2017-11-11,2017,Nov,2017-2018,1,,2,8.08222222222222,8.28222222222222,8.231875,8.08222222222222,8.28222222222222
2017-11-12,2017,Nov,2017-2018,1,,2,8.18222222222222,8.24472222222222,8.1953587962963,7.98277777777778,8.38222222222222
2017-11-13,2017,Nov,2017-2018,1,,2,8.38222222222222,8.48111111111111,8.41529320987654,8.08222222222222,8.58111111111111
2017-11-14,2017,Nov,2017-2018,1,,2,8.28222222222222,8.08222222222222,8.03726851851852,7.68222222222222,8.38222222222222
2017-11-15,2017,Nov,2017-2018,1,,2,8.18222222222222,8.28222222222222,8.28309413580247,7.98277777777778,8.38222222222222
2017-11-16,2017,Nov,2017-2018,1,,2,8.08222222222222,8.18222222222222,8.15739583333333,8.08222222222222,8.28222222222222
2017-11-17,2017,Nov,2017-2018,1,,2,7.88222222222222,8.02006944444445,7.90896219135802,7.48111111111111,8.08222222222222
2017-11-18,2017,Nov,2017-2018,1,,2,8.08222222222222,7.88222222222222,7.8805362654321,7.78222222222222,8.08222222222222
2017-11-19,2017,Nov,2017-2018,1,,2,8.87888888888889,8.68,8.61476658950617,8.08222222222222,8.97777777777778
2017-11-20,2017,Nov,2017-2018,1,,2,8.38222222222222,8.34472222222222,8.37962770061728,8.08222222222222,8.87888888888889
2017-11-21,2017,Nov,2017-2018,1,,2,8.18222222222222,8.18222222222222,8.12496141975309,7.78222222222222,8.38222222222222
2017-11-22,2017,Nov,2017-2018,1,,2,8.68,8.45666666666667,8.45276234567901,8.18222222222222,8.77888888888889
2017-11-23,2017,Nov,2017-2018,1,,2,8.77888888888889,8.72944444444444,8.81903356481482,8.68,9.17611111111111
2017-11-24,2017,Nov,2017-2018,1,,2,8.68,8.77888888888889,8.7550250771605,8.68,8.77888888888889
2017-11-25,2017,Nov,2017-2018,1,,2,8.68,8.69236111111111,8.70064814814815,8.58111111111111,8.87888888888889
2017-11-26,2017,Nov,2017-2018,1,,2,8.48111111111111,8.77888888888889,8.75412615740741,8.48111111111111,8.87888888888889
2017-11-27,2017,Nov,2017-2018,1,,2,8.18222222222222,8.18222222222222,8.21879436728395,7.98277777777778,8.48111111111111
2017-11-28,2017,Nov,2017-2018,1,,2,8.58111111111111,8.58111111111111,8.49008680555556,8.08222222222222,8.77888888888889
2017-11-29,2017,Nov,2017-2018,1,,2,8.68,8.77888888888889,8.74528356481482,8.38222222222222,9.07722222222222
2017-11-30,2017,Nov,2017-2018,1,,2,8.77888888888889,8.58111111111111,8.54668016975309,8.28222222222222,8.77888888888889
2017-12-01,2017,Dec,2017-2018,1,,2,8.58111111111111,8.66763888888889,8.56844521604938,8.18222222222222,8.97777777777778
2017-12-02,2017,Dec,2017-2018,1,,2,8.48111111111111,8.50611111111111,8.53940972222222,8.28222222222222,8.77888888888889
2017-12-03,2017,Dec,2017-2018,1,,2,8.18222222222222,8.28222222222222,8.26098958333333,7.78222222222222,8.58111111111111
2017-12-04,2017,Dec,2017-2018,1,,2,7.78222222222222,7.78222222222222,7.76960648148148,7.17888888888889,8.18222222222222
2017-12-05,2017,Dec,2017-2018,1,,2,8.28222222222222,7.90722222222222,8.06660108024692,7.68222222222222,8.58111111111111
2017-12-06,2017,Dec,2017-2018,1,,2,8.08222222222222,8.08222222222222,8.06393518518519,7.78222222222222,8.28222222222222
2017-12-07,2017,Dec,2017-2018,1,,2,7.78222222222222,7.78222222222222,7.85015432098766,7.58222222222222,8.18222222222222
2017-12-08,2017,Dec,2017-2018,1,,2,7.38111111111111,7.58222222222222,7.53836612654321,7.17888888888889,7.88222222222222
2017-12-09,2017,Dec,2017-2018,1,,2,7.78222222222222,7.58222222222222,7.62895640432099,7.38111111111111,7.88222222222222
2017-12-10,2017,Dec,2017-2018,1,,2,7.88222222222222,7.88222222222222,7.87169367283951,7.78222222222222,7.98277777777778
2017-12-11,2017,Dec,2017-2018,1,,2,7.98277777777778,7.88222222222222,7.87379533179013,7.78222222222222,7.98277777777778
2017-12-12,2017,Dec,2017-2018,1,,2,8.08222222222222,7.98277777777778,7.99630111882716,7.88222222222222,8.08222222222222
2017-12-13,2017,Dec,2017-2018,1,,2,7.98277777777778,7.98277777777778,7.98222125771605,7.88222222222222,8.08222222222222
2017-12-14,2017,Dec,2017-2018,1,,2,7.88222222222222,7.88222222222222,7.86440682870371,7.78222222222222,7.98277777777778
2017-12-15,2017,Dec,2017-2018,1,,2,7.88222222222222,7.9325,7.95321759259259,7.88222222222222,8.08222222222222
2017-12-16,2017,Dec,2017-2018,1,,2,7.68222222222222,7.68222222222222,7.64767746913581,7.48111111111111,7.88222222222222
2017-12-17,2017,Dec,2017-2018,1,,2,7.98277777777778,7.98277777777778,7.87423514660494,7.58222222222222,8.08222222222222
2017-12-18,2017,Dec,2017-2018,1,,2,7.58222222222222,7.88222222222222,7.80724247685185,7.58222222222222,7.98277777777778
2017-12-19,2017,Dec,2017-2018,1,,2,8.28222222222222,7.84472222222222,7.86508101851852,7.58222222222222,8.28222222222222
2017-12-20,2017,Dec,2017-2018,1,,2,7.68222222222222,7.91993055555556,7.87064814814815,7.28,8.28222222222222
2017-12-21,2017,Dec,2017-2018,1,,2,7.28,7.41861111111111,7.38136959876543,6.97777777777778,7.68222222222222
2017-12-22,2017,Dec,2017-2018,1,,2,6.37,7.12888888888889,7.0402025462963,6.26777777777778,7.48111111111111
2017-12-23,2017,Dec,2017-2018,1,,2,6.06388888888889,6.16611111111111,6.27135320216049,5.96222222222222,6.97777777777778
2017-12-24,2017,Dec,2017-2018,1,,2,5.75722222222222,5.96222222222222,5.94758487654321,5.75722222222222,6.16611111111111
2017-12-25,2017,Dec,2017-2018,1,,2,5.55222222222222,5.75722222222222,5.77191840277778,5.45,6.06388888888889
2017-12-26,2017,Dec,2017-2018,1,,2,5.86,5.45,5.41342013888889,5.03722222222222,5.86
2017-12-27,2017,Dec,2017-2018,1,,2,5.86,6.115,6.13336419753086,5.655,6.775
2017-12-28,2017,Dec,2017-2018,1,,2,5.55222222222222,5.93666666666667,6.04911458333333,5.45,6.57277777777778
2017-12-29,2017,Dec,2017-2018,1,,2,5.655,5.80861111111111,5.98277295524691,5.34722222222222,6.67388888888889
2017-12-30,2017,Dec,2017-2018,1,,2,5.96222222222222,6.06395833333333,6.09902681327161,5.55222222222222,6.67388888888889
2017-12-31,2017,Dec,2017-2018,1,,2,6.37,6.31888888888889,6.28173418209876,5.55222222222222,6.67388888888889
2018-01-01,2018,Jan,2017-2018,1,,2,6.37,6.47111111111111,6.52111111111111,6.16611111111111,6.87722222222222
2018-01-02,2018,Jan,2017-2018,1,,2,6.47111111111111,6.775,6.76791087962963,6.26777777777778,7.17888888888889
2018-01-03,2018,Jan,2017-2018,1,,2,6.775,6.87722222222222,6.85079957561728,6.47111111111111,6.97777777777778
2018-01-04,2018,Jan,2017-2018,1,,2,6.97777777777778,6.775,6.7995630787037,6.67388888888889,6.97777777777778
2018-01-05,2018,Jan,2017-2018,1,,2,7.17888888888889,7.28,7.23759066358025,6.97777777777778,7.38111111111111
2018-01-06,2018,Jan,2017-2018,1,,2,6.775,7.07888888888889,7.07921199845679,6.775,7.38111111111111
2018-01-07,2018,Jan,2017-2018,1,,2,7.07888888888889,7.02833333333333,7.01719618055555,6.775,7.17888888888889
2018-01-08,2018,Jan,2017-2018,1,,2,7.48111111111111,7.17888888888889,7.23167052469136,7.07888888888889,7.48111111111111
2018-01-09,2018,Jan,2017-2018,1,,2,7.38111111111111,7.41861111111111,7.42501929012346,7.28,7.48111111111111
2018-01-10,2018,Jan,2017-2018,1,,2,6.775,7.33055555555556,7.26644965277778,6.775,7.38111111111111
2018-01-11,2018,Jan,2017-2018,1,,2,6.16611111111111,6.72444444444444,6.55463734567901,5.75722222222222,6.97777777777778
2018-01-12,2018,Jan,2017-2018,1,,2,5.96222222222222,5.97493055555555,6.10479070216049,5.45,6.775
2018-01-13,2018,Jan,2017-2018,1,,2,6.47111111111111,6.31888888888889,6.19226080246914,5.655,6.57277777777778
2018-01-14,2018,Jan,2017-2018,1,,2,7.17888888888889,6.67388888888889,6.66753279320988,6.26777777777778,7.17888888888889
2018-01-15,2018,Jan,2017-2018,1,,2,7.58222222222222,7.28,7.25075810185185,6.97777777777778,7.58222222222222
2018-01-16,2018,Jan,2017-2018,1,,2,7.68222222222222,7.58222222222222,7.61805941358025,7.48111111111111,7.68222222222222
2018-01-17,2018,Jan,2017-2018,1,,2,7.78222222222222,7.58222222222222,7.56355324074075,7.38111111111111,7.78222222222222
2018-01-18,2018,Jan,2017-2018,1,,2,8.08222222222222,7.75722222222222,7.79846064814815,7.68222222222222,8.08222222222222
2018-01-19,2018,Jan,2017-2018,1,,2,7.88222222222222,7.98277777777778,7.91478395061729,7.68222222222222,8.08222222222222
2018-01-20,2018,Jan,2017-2018,1,,2,7.48111111111111,7.76972222222222,7.7070775462963,7.38111111111111,7.98277777777778
2018-01-21,2018,Jan,2017-2018,1,,2,7.17888888888889,7.48111111111111,7.42449074074074,7.17888888888889,7.58222222222222
2018-01-22,2018,Jan,2017-2018,1,,2,6.97777777777778,7.28,7.20418788580247,6.87722222222222,7.38111111111111
2018-01-23,2018,Jan,2017-2018,1,,2,7.17888888888889,7.17888888888889,7.17964313271605,6.87722222222222,7.38111111111111
2018-01-24,2018,Jan,2017-2018,1,,2,7.28,7.38111111111111,7.32476273148148,7.17888888888889,7.38111111111111
2018-01-25,2018,Jan,2017-2018,1,,2,7.07888888888889,7.17888888888889,7.19638310185185,6.97777777777778,7.38111111111111
2018-01-26,2018,Jan,2017-2018,1,,2,6.87722222222222,6.80055555555556,6.79612172067901,6.57277777777778,7.07888888888889
2018-01-27,2018,Jan,2017-2018,1,,2,6.97777777777778,7.22944444444444,7.23285011574074,6.775,7.58222222222222
2018-01-28,2018,Jan,2017-2018,1,,2,7.28,7.17888888888889,7.12553240740741,6.67388888888889,7.38111111111111
2018-01-29,2018,Jan,2017-2018,1,,2,7.68222222222222,7.48111111111111,7.43582947530864,7.17888888888889,7.78222222222222
2018-01-30,2018,Jan,2017-2018,1,,2,7.78222222222222,7.78222222222222,7.71173996913581,7.38111111111111,7.88222222222222
2018-01-31,2018,Jan,2017-2018,1,,2,7.48111111111111,7.53166666666667,7.41595100308642,6.87722222222222,7.78222222222222
2018-02-01,2018,Feb,2017-2018,1,,2,7.07888888888889,7.16638888888889,7.18974922839506,6.97777777777778,7.48111111111111
2018-02-02,2018,Feb,2017-2018,1,,2,7.58222222222222,7.48111111111111,7.47276813271605,7.12888888888889,7.68222222222222
2018-02-03,2018,Feb,2017-2018,1,,2,7.68222222222222,7.68222222222222,7.65425540123457,7.48111111111111,7.68222222222222
2018-02-04,2018,Feb,2017-2018,1,,2,7.68222222222222,7.68222222222222,7.65583333333334,7.58222222222222,7.68222222222222
2018-02-05,2018,Feb,2017-2018,1,,2,7.78222222222222,7.68222222222222,7.70288194444445,7.68222222222222,7.78222222222222
2018-02-06,2018,Feb,2017-2018,1,,2,7.48111111111111,7.65722222222222,7.65340084876544,7.48111111111111,7.78222222222222
2018-02-07,2018,Feb,2017-2018,1,,2,7.78222222222222,7.68222222222222,7.71221643518519,7.48111111111111,7.78222222222222
2018-02-08,2018,Feb,2017-2018,1,,2,7.98277777777778,7.68222222222222,7.70544270833334,7.48111111111111,7.98277777777778
2018-02-09,2018,Feb,2017-2018,1,,2,7.98277777777778,7.98277777777778,8.01038966049383,7.88222222222222,8.18222222222222
2018-02-10,2018,Feb,2017-2018,1,,2,6.87722222222222,7.07888888888889,7.34749421296296,6.47111111111111,7.98277777777778
2018-02-11,2018,Feb,2017-2018,1,,2,6.775,6.87722222222222,6.89563271604938,6.57277777777778,7.17888888888889
2018-02-12,2018,Feb,2017-2018,1,,2,6.26777777777778,6.40791666666667,6.4563744212963,6.16611111111111,6.775
2018-02-13,2018,Feb,2017-2018,1,,2,6.67388888888889,6.62333333333333,6.56275173611111,6.31888888888889,6.67388888888889
2018-02-14,2018,Feb,2017-2018,1,,2,7.17888888888889,7.12888888888889,7.1272868441358,6.57277777777778,7.38111111111111
2018-02-15,2018,Feb,2017-2018,1,,2,6.57277777777778,6.775,6.71920428240741,6.37,7.17888888888889
2018-02-16,2018,Feb,2017-2018,1,,2,7.38111111111111,6.73701388888889,6.91586902006173,6.57277777777778,7.38111111111111
2018-02-17,2018,Feb,2017-2018,1,,2,6.47111111111111,6.97777777777778,6.94668016975308,6.47111111111111,7.33055555555556
2018-02-18,2018,Feb,2017-2018,1,,2,7.07888888888889,6.47111111111111,6.5567611882716,5.86,7.28
2018-02-19,2018,Feb,2017-2018,1,,2,6.06388888888889,6.26805555555555,6.35941261574074,5.86,7.07888888888889
2018-02-20,2018,Feb,2017-2018,1,,2,5.45,5.55222222222222,5.59031732253086,5.24388888888889,6.06388888888889
2018-02-21,2018,Feb,2017-2018,1,,2,5.75722222222222,5.86,5.8439380787037,5.34722222222222,6.26777777777778
2018-02-22,2018,Feb,2017-2018,1,,2,5.75722222222222,6.06388888888889,6.05266975308642,5.75722222222222,6.37
2018-02-23,2018,Feb,2017-2018,1,,2,6.47111111111111,6.49652777777778,6.45280381944445,5.80861111111111,6.67388888888889
2018-02-24,2018,Feb,2017-2018,1,,2,6.06388888888889,6.26777777777778,6.24451099537037,6.06388888888889,6.47111111111111
2018-02-25,2018,Feb,2017-2018,1,,2,6.06388888888889,6.06388888888889,6.03141203703704,5.86,6.37
2018-02-26,2018,Feb,2017-2018,1,,2,6.47111111111111,5.97493055555555,6.03712866512346,5.86,6.47111111111111
2018-02-27,2018,Feb,2017-2018,1,,2,6.37,6.37,6.42886381172839,6.06388888888889,6.775
2018-02-28,2018,Feb,2017-2018,1,,2,6.26777777777778,6.21694444444444,6.19234953703703,5.86,6.37
2018-03-01,2018,Mar,2017-2018,1,,2,6.67388888888889,6.47111111111111,6.53094618055556,6.26777777777778,6.87722222222222
2018-03-02,2018,Mar,2017-2018,1,,2,6.47111111111111,6.47111111111111,6.48684124228395,6.16611111111111,6.775
2018-03-03,2018,Mar,2017-2018,1,,2,5.96222222222222,6.16611111111111,6.19511188271605,5.96222222222222,6.47111111111111
2018-03-04,2018,Mar,2017-2018,1,,2,5.96222222222222,5.96222222222222,5.93930555555556,5.655,6.16611111111111
2018-03-05,2018,Mar,2017-2018,1,,2,6.06388888888889,6.06388888888889,6.036953125,5.86,6.26777777777778
2018-03-06,2018,Mar,2017-2018,1,,2,6.16611111111111,6.16611111111111,6.16512731481481,5.96222222222222,6.37
2018-03-07,2018,Mar,2017-2018,1,,2,6.87722222222222,6.26777777777778,6.32148148148148,5.86,6.87722222222222
2018-03-08,2018,Mar,2017-2018,1,,2,6.57277777777778,6.57277777777778,6.52323688271605,6.37,6.82611111111111
2018-03-09,2018,Mar,2017-2018,1,,2,6.37,6.47111111111111,6.42426793981482,6.06388888888889,6.57277777777778
2018-03-10,2018,Mar,2017-2018,1,,2,6.775,6.61069444444444,6.6445630787037,6.37,6.87722222222222
2018-03-11,2018,Mar,2017-2018,1,,2,6.775,6.775,6.72935956790123,6.67388888888889,6.775
2018-03-12,2018,Mar,2017-2018,1,,2,7.17888888888889,7.07888888888889,7.03848476080247,6.775,7.38111111111111
2018-03-13,2018,Mar,2017-2018,1,,2,7.38111111111111,7.28,7.27055941358025,7.07888888888889,7.38111111111111
2018-03-14,2018,Mar,2017-2018,1,,2,7.48111111111111,7.38111111111111,7.40648533950618,7.17888888888889,7.68222222222222
2018-03-15,2018,Mar,2017-2018,1,,2,7.48111111111111,7.28,7.30854938271605,6.97777777777778,7.78222222222222
2018-03-16,2018,Mar,2017-2018,1,,2,7.68222222222222,7.53166666666667,7.4563175154321,7.07888888888889,7.68222222222222
2018-03-17,2018,Mar,2017-2018,1,,2,7.98277777777778,7.73222222222222,7.7909056712963,7.58222222222222,8.08222222222222
2018-03-18,2018,Mar,2017-2018,1,"MV:9 of 24 missing:2 of 24 flagged",3,7.782,7.68442320261438,7.66063681009441,7.28,7.98277777777778
2018-03-19,2018,Mar,2017-2018,1,,2,7.882,7.7195,7.6468125,7.381,7.882
2018-03-20,2018,Mar,2017-2018,1,,2,7.682,7.6445,7.641125,7.481,7.882
2018-03-21,2018,Mar,2017-2018,1,,2,7.582,7.5315,7.49390972222222,7.28,7.682
2018-03-22,2018,Mar,2017-2018,1,,2,7.079,7.28,7.29976909722222,7.079,7.582
2018-03-23,2018,Mar,2017-2018,1,,2,7.582,7.28,7.20361979166667,6.877,7.582
2018-03-24,2018,Mar,2017-2018,1,,2,7.582,7.582,7.62827777777778,7.381,8.082
2018-03-25,2018,Mar,2017-2018,1,,2,7.179,7.28,7.34781770833333,7.079,7.582
2018-03-26,2018,Mar,2017-2018,1,,2,7.079,7.079,7.06576388888889,6.877,7.179
2018-03-27,2018,Mar,2017-2018,1,,2,7.481,7.431,7.45209375,7.079,7.882
2018-03-28,2018,Mar,2017-2018,1,,2,7.782,7.632,7.64283854166666,7.481,7.882
2018-03-29,2018,Mar,2017-2018,1,,2,7.682,7.682,7.66749305555555,7.481,7.782
2018-03-30,2018,Mar,2017-2018,1,,2,7.882,7.682,7.78413194444444,7.481,8.282
2018-03-31,2018,Mar,2017-2018,1,,2,7.983,7.6945,7.73519270833333,7.381,8.182
2018-04-01,2018,Apr,2017-2018,1,,2,7.782,7.607,7.71736979166667,7.28,8.182
2018-04-02,2018,Apr,2017-2018,1,,2,7.582,7.493625,7.52836805555555,7.381,7.882
2018-04-03,2018,Apr,2017-2018,1,,2,8.082,7.582,7.66390972222222,7.179,8.082
2018-04-04,2018,Apr,2017-2018,1,,2,8.182,7.983,8.00840972222222,7.582,8.481
2018-04-05,2018,Apr,2017-2018,1,,2,7.983,7.983,7.96939409722222,7.782,8.182
2018-04-06,2018,Apr,2017-2018,1,,2,7.882,7.983,7.94530034722222,7.882,7.983
2018-04-07,2018,Apr,2017-2018,1,,2,7.983,7.882,7.80899826388889,7.481,7.983
2018-04-08,2018,Apr,2017-2018,1,,2,8.68,8.332,8.25158854166667,7.882,8.68
2018-04-09,2018,Apr,2017-2018,1,,2,9.176,8.8785,8.92990277777778,8.581,9.275
2018-04-10,2018,Apr,2017-2018,1,,2,8.481,8.779,8.80733159722222,8.481,9.176
2018-04-11,2018,Apr,2017-2018,1,,2,8.382,8.443875,8.45315798611111,8.382,8.581
2018-04-12,2018,Apr,2017-2018,1,,2,8.182,8.2945,8.392125,8.182,8.978
2018-04-13,2018,Apr,2017-2018,1,,2,8.082,8.082,8.11506944444444,7.983,8.382
2018-04-14,2018,Apr,2017-2018,1,,2,7.882,7.882,7.91804861111111,7.782,8.082
2018-04-15,2018,Apr,2017-2018,1,,2,8.382,7.983,8.18495833333334,7.782,8.879
2018-04-16,2018,Apr,2017-2018,1,,2,8.68,8.382,8.42902430555556,7.983,8.978
2018-04-17,2018,Apr,2017-2018,1,,2,8.581,8.481,8.37810243055555,8.082,8.779
2018-04-18,2018,Apr,2017-2018,1,,2,8.978,8.7295,8.69944270833333,8.082,9.275
2018-04-19,2018,Apr,2017-2018,1,,2,8.68,8.879,8.87635763888889,8.481,9.176
2018-04-20,2018,Apr,2017-2018,1,,2,8.481,8.581,8.56594270833333,8.382,8.68
2018-04-21,2018,Apr,2017-2018,1,,2,9.176,8.791875,8.677015625,8.082,9.176
2018-04-22,2018,Apr,2017-2018,1,,2,9.176,9.176,9.25233333333333,8.779,9.965
2018-04-23,2018,Apr,2017-2018,1,,2,9.373,9.176,9.25285243055556,8.68,10.455
2018-04-24,2018,Apr,2017-2018,1,,2,9.373,9.373,9.4698125,9.176,10.161
2018-04-25,2018,Apr,2017-2018,1,,2,9.077,9.163625,9.16727083333333,8.779,9.571
2018-04-26,2018,Apr,2017-2018,1,,2,9.768,9.5215,9.612953125,9.077,10.455
2018-04-27,2018,Apr,2017-2018,1,,2,10.553,10.0875,10.188671875,9.768,10.846
2018-04-28,2018,Apr,2017-2018,1,,2,10.063,10.161,10.1117048611111,9.571,10.651
2018-04-29,2018,Apr,2017-2018,1,,2,9.866,9.669,9.62868923611111,8.978,10.357
2018-04-30,2018,Apr,2017-2018,1,,2,10.259,10.22225,10.0820121527778,9.373,10.553
2018-05-01,2018,May,2017-2018,1,,2,10.357,10.455,10.3357465277778,9.373,10.846
2018-05-02,2018,May,2017-2018,1,,2,10.455,10.54075,10.5437395833333,10.259,10.944
2018-05-03,2018,May,2017-2018,1,,2,10.651,10.61425,10.5654305555556,10.259,10.846
2018-05-04,2018,May,2017-2018,1,,2,10.748,10.748,10.684234375,10.357,10.944
2018-05-05,2018,May,2017-2018,1,,2,10.063,10.651,10.7844739583333,10.063,11.528
2018-05-06,2018,May,2017-2018,1,,2,9.965,9.866,9.94396875,9.571,10.553
2018-05-07,2018,May,2017-2018,1,,2,11.041,10.944,10.6440208333333,9.965,11.236
2018-05-08,2018,May,2017-2018,1,,2,10.944,10.944,11.0272586805556,10.846,11.334
2018-05-09,2018,May,2017-2018,1,,2,11.236,11.285,11.4538819444444,10.944,12.497
2018-05-10,2018,May,2017-2018,1,,2,11.722,11.588625,11.5955729166667,11.139,12.304
2018-05-11,2018,May,2017-2018,1,,2,10.846,11.916,11.8260833333333,10.846,12.594
2018-05-12,2018,May,2017-2018,1,,2,11.431,11.199625,11.2722690972222,10.846,11.625
2018-05-13,2018,May,2017-2018,1,,2,11.431,11.528,11.5805416666667,11.334,12.11
2018-05-14,2018,May,2017-2018,1,,2,11.916,11.89175,11.8774079861111,11.334,12.497
2018-05-15,2018,May,2017-2018,1,,2,11.625,11.625,11.4778038194444,10.748,12.207
2018-05-16,2018,May,2017-2018,1,,2,11.528,11.6735,11.6546961805556,11.041,12.207
2018-05-17,2018,May,2017-2018,1,,2,11.528,11.467375,11.3864583333333,10.553,11.916
2018-05-18,2018,May,2017-2018,1,,2,12.207,12.03725,11.8013350694444,10.944,12.401
2018-05-19,2018,May,2017-2018,1,,2,12.304,12.207,12.1778663194444,11.625,12.401
2018-05-20,2018,May,2017-2018,1,,2,12.497,12.304,12.3108315972222,12.013,12.787
2018-05-21,2018,May,2017-2018,1,,2,12.401,12.3525,12.4026458333333,12.11,12.98
2018-05-22,2018,May,2017-2018,1,,2,12.304,12.304,12.3677309027778,12.11,12.787
2018-05-23,2018,May,2017-2018,1,,2,12.11,12.304,12.2870520833333,11.916,13.076
2018-05-24,2018,May,2017-2018,1,,2,12.11,12.340375,12.4565694444444,12.013,13.269
2018-05-25,2018,May,2017-2018,1,,2,12.013,12.243375,12.2681128472222,11.916,12.69
2018-05-26,2018,May,2017-2018,1,,2,11.334,11.7705,11.8168107638889,11.334,12.11
2018-05-27,2018,May,2017-2018,1,,2,11.431,11.431,11.4246857638889,11.236,11.625
2018-05-28,2018,May,2017-2018,1,,2,11.528,11.612875,11.6065538194444,11.236,12.11
2018-05-29,2018,May,2017-2018,1,,2,11.916,12.013,11.9213888888889,11.528,12.207
2018-05-30,2018,May,2017-2018,1,,2,12.304,12.207,12.1369444444444,11.722,12.401
2018-05-31,2018,May,2017-2018,1,,2,12.497,12.425,12.3907135416667,12.11,12.69
2018-06-01,2018,Jun,2017-2018,1,,2,12.013,12.11,12.2105069444444,12.013,12.497
2018-06-02,2018,Jun,2017-2018,1,,2,12.401,12.3525,12.2746180555555,11.916,12.69
2018-06-03,2018,Jun,2017-2018,1,,2,12.69,12.69,12.489359375,11.722,12.98
2018-06-04,2018,Jun,2017-2018,1,,2,12.69,12.69,12.6432708333333,12.304,13.076
2018-06-05,2018,Jun,2017-2018,1,,2,11.819,12.497,12.3229496527778,11.722,12.69
2018-06-06,2018,Jun,2017-2018,1,,2,11.722,11.722,11.7268836805556,11.625,11.819
2018-06-07,2018,Jun,2017-2018,1,,2,11.722,11.722,11.7327777777778,11.625,11.916
2018-06-08,2018,Jun,2017-2018,1,,2,11.722,11.722,11.7388402777778,11.625,11.916
2018-06-09,2018,Jun,2017-2018,1,,2,11.916,11.916,11.96878125,11.625,12.497
2018-06-10,2018,Jun,2017-2018,1,,2,12.11,12.207,12.2724201388889,11.916,12.69
2018-06-11,2018,Jun,2017-2018,1,,2,13.076,12.69,12.8398784722222,12.11,13.365
2018-06-12,2018,Jun,2017-2018,1,,2,12.98,13.173,13.2169097222222,12.98,13.75
2018-06-13,2018,Jun,2017-2018,1,,2,12.497,12.98,13.0012899305556,12.497,13.461
2018-06-14,2018,Jun,2017-2018,1,,2,12.883,12.967875,12.91409375,12.401,13.269
2018-06-15,2018,Jun,2017-2018,1,,2,12.304,12.401,12.5033246527778,12.013,13.269
2018-06-16,2018,Jun,2017-2018,1,,2,13.269,13.173,13.0232899305556,12.304,13.654
2018-06-17,2018,Jun,2017-2018,1,,2,13.076,13.269,13.4474809027778,12.883,14.421
2018-06-18,2018,Jun,2017-2018,1,,2,13.461,13.317,13.3614913194444,12.69,14.421
2018-06-19,2018,Jun,2017-2018,1,,2,13.846,13.846,13.786734375,13.076,14.804
2018-06-20,2018,Jun,2017-2018,1,,2,13.942,13.93,13.9577916666667,13.75,14.517
2018-06-21,2018,Jun,2017-2018,1,,2,13.654,13.942,14.0056388888889,13.558,14.709
2018-06-22,2018,Jun,2017-2018,1,,2,13.654,13.906,13.9565,13.558,14.517
2018-06-23,2018,Jun,2017-2018,1,,2,13.942,14.098,14.1359097222222,13.654,14.804
2018-06-24,2018,Jun,2017-2018,1,,2,14.23,14.241875,14.3290416666667,13.942,14.709
2018-06-25,2018,Jun,2017-2018,1,,2,13.942,14.2775,14.2646458333333,13.942,14.421
2018-06-26,2018,Jun,2017-2018,1,,2,13.558,14.325,14.1774722222222,13.558,14.613
2018-06-27,2018,Jun,2017-2018,1,,2,14.325,14.134,14.0676059027778,13.461,14.421
2018-06-28,2018,Jun,2017-2018,1,,2,13.942,14.134,14.1717482638889,13.942,14.517
2018-06-29,2018,Jun,2017-2018,1,,2,14.134,14.038,14.0735972222222,13.942,14.325
2018-06-30,2018,Jun,2017-2018,1,,2,13.558,14.11,14.0262847222222,13.558,14.325
2018-07-01,2018,Jul,2017-2018,1,,2,13.75,13.846,13.7780972222222,13.365,14.134
2018-07-02,2018,Jul,2017-2018,1,,2,13.173,13.642,13.6852170138889,13.173,14.613
2018-07-03,2018,Jul,2017-2018,1,,2,13.942,13.75,13.7042690972222,13.173,14.517
2018-07-04,2018,Jul,2017-2018,1,,2,13.942,14.086,14.2480277777778,13.75,15.187
2018-07-05,2018,Jul,2017-2018,1,,2,14.613,14.421,14.4506059027778,13.942,15.187
2018-07-06,2018,Jul,2017-2018,1,,2,14.9,14.709,14.7253072916667,14.421,15.282
2018-07-07,2018,Jul,2017-2018,1,,2,15.187,15.139,15.2179392361111,14.804,16.141
2018-07-08,2018,Jul,2017-2018,1,,2,14.709,15.378,15.4129409722222,14.613,16.046
2018-07-09,2018,Jul,2017-2018,1,,2,14.996,15.377875,15.324828125,14.709,15.855
2018-07-10,2018,Jul,2017-2018,1,,2,15.187,16.213,16.2955920138889,14.996,16.999
2018-07-11,2018,Jul,2017-2018,1,,2,15.187,15.497,15.5633611111111,14.9,16.332
2018-07-12,2018,Jul,2017-2018,1,,2,14.325,14.601,14.7416284722222,14.038,15.855
2018-07-13,2018,Jul,2017-2018,1,,2,14.134,14.182,14.2658246527778,13.654,14.9
2018-07-14,2018,Jul,2017-2018,1,,2,13.654,14.074,14.0751319444444,13.558,14.9
2018-07-15,2018,Jul,2017-2018,1,,2,13.173,13.5095,13.6501267361111,13.076,14.709
2018-07-16,2018,Jul,2017-2018,1,,2,12.883,13.173,13.2380520833333,12.401,14.421
2018-07-17,2018,Jul,2017-2018,1,,2,13.269,13.1725,13.1734340277778,12.497,14.134
2018-07-18,2018,Jul,2017-2018,1,,2,13.173,13.329,13.4852222222222,12.787,14.517
2018-07-19,2018,Jul,2017-2018,1,,2,13.269,12.883,12.8053263888889,12.304,13.365
2018-07-20,2018,Jul,2017-2018,1,,2,12.401,12.69,12.7216736111111,12.11,13.365
2018-07-21,2018,Jul,2017-2018,1,,2,12.497,12.449,12.4506527777778,12.11,12.98
2018-07-22,2018,Jul,2017-2018,1,,2,12.594,12.69,12.7330260416667,12.497,13.076
2018-07-23,2018,Jul,2017-2018,1,,2,12.401,12.823,12.7898003472222,12.401,13.269
2018-07-24,2018,Jul,2017-2018,1,,2,13.365,13.173,13.1399652777778,12.401,13.558
2018-07-25,2018,Jul,2017-2018,1,,2,13.173,13.558,13.4651111111111,12.98,13.846
2018-07-26,2018,Jul,2017-2018,1,,2,13.558,13.654,13.5949982638889,12.98,14.038
2018-07-27,2018,Jul,2017-2018,1,,2,13.654,13.942,13.9310138888889,13.365,14.421
2018-07-28,2018,Jul,2017-2018,1,,2,13.654,13.99,13.8971597222222,13.269,14.325
2018-07-29,2018,Jul,2017-2018,1,,2,13.365,13.786,13.8042378472222,13.269,14.325
2018-07-30,2018,Jul,2017-2018,1,,2,13.461,13.702,13.7066805555556,13.076,14.517
2018-07-31,2018,Jul,2017-2018,1,,2,14.23,14.23,14.0807413194444,13.365,14.613
2018-08-01,2018,Aug,2017-2018,1,,2,14.421,14.325,14.323640625,14.134,14.613
2018-08-02,2018,Aug,2017-2018,1,,2,13.654,13.942,13.962796875,13.173,14.613
2018-08-03,2018,Aug,2017-2018,1,,2,14.421,14.217875,14.135765625,13.269,15.091
2018-08-04,2018,Aug,2017-2018,1,,2,14.804,14.493,14.4404739583333,13.942,14.9
2018-08-05,2018,Aug,2017-2018,1,,2,14.709,14.637,14.7115190972222,14.517,15.091
2018-08-06,2018,Aug,2017-2018,1,,2,14.9,14.828,14.8617725694444,14.613,15.187
2018-08-07,2018,Aug,2017-2018,1,,2,14.613,15.091,15.0830677083333,14.613,15.569
2018-08-08,2018,Aug,2017-2018,1,,2,14.804,15.091,15.1360086805556,14.613,15.473
2018-08-09,2018,Aug,2017-2018,1,,2,15.187,15.378,15.4142239583333,14.804,15.855
2018-08-10,2018,Aug,2017-2018,1,,2,14.134,14.97175,14.9225017361111,14.134,15.855
2018-08-11,2018,Aug,2017-2018,1,,2,14.325,14.325,14.3582309027778,13.846,14.709
2018-08-12,2018,Aug,2017-2018,1,,2,14.325,14.349,14.4157430555556,14.134,14.9
2018-08-13,2018,Aug,2017-2018,1,,2,13.846,14.134,14.1298107638889,13.654,14.517
2018-08-14,2018,Aug,2017-2018,1,,2,13.654,13.75,13.8049583333333,13.558,14.325
2018-08-15,2018,Aug,2017-2018,1,,2,13.173,13.642,13.6131059027778,12.98,14.134
2018-08-16,2018,Aug,2017-2018,1,,2,13.269,13.173,13.1876111111111,12.787,13.654
2018-08-17,2018,Aug,2017-2018,1,,2,13.558,13.257,13.2629427083333,12.883,13.846
2018-08-18,2018,Aug,2017-2018,1,,2,12.787,13.269,13.2090677083333,12.69,13.75
2018-08-19,2018,Aug,2017-2018,1,,2,12.69,12.594,12.5811128472222,12.401,12.787
