Date,Year,Month,WaterYear,TWtrPruth_bay02_Q_level,TWtrPruth_bay02_Q_flags,TWtrPruth_bay02_UNESCO_Q_level,TWtrPruth_bay02,TWtrPruth_bay02_Med,TWtrPruth_bay02_Avg,TWtrPruth_bay02_Min,TWtrPruth_bay02_Max
PST,Year,Month,WaterYear,Quality level,Quality flags,UNESCO QC,deg C,deg C,deg C,deg C,deg C
date,Year,Month,WaterYear,NS_Pruth_bay02,NS_Pruth_bay02,NS_Pruth_bay02,NS_Pruth_bay02,NS_Pruth_bay02,NS_Pruth_bay02,NS_Pruth_bay02,NS_Pruth_bay02
date,year,month,waterYear,WaterTemp_QL,WaterTemp_QC,WaterTemp_UQL,WaterTemp,WaterTemp_Med,WaterTemp_Avg,WaterTemp_Min,WaterTemp_Max
2016-10-16,2016,Oct,2016-2017,1,"MV:22 of 24 missing:1 of 24 flagged",3,10.455,10.455,10.4468333333333,10.357,10.455
2016-10-17,2016,Oct,2016-2017,1,,2,10.455,10.455,10.4420694444444,10.259,10.553
2016-10-18,2016,Oct,2016-2017,1,,2,10.259,10.357,10.3729930555556,10.259,10.455
2016-10-19,2016,Oct,2016-2017,1,,2,10.357,10.357,10.3384548611111,10.259,10.357
2016-10-20,2016,Oct,2016-2017,1,,2,10.357,10.259,10.2855416666667,10.259,10.357
2016-10-21,2016,Oct,2016-2017,1,,2,10.259,10.259,10.2993229166667,10.161,10.357
2016-10-22,2016,Oct,2016-2017,1,,2,10.259,10.259,10.2671666666667,10.259,10.357
2016-10-23,2016,Oct,2016-2017,1,,2,10.357,10.27125,10.2921770833333,10.259,10.357
2016-10-24,2016,Oct,2016-2017,1,,2,10.259,10.259,10.2897951388889,10.161,10.357
2016-10-25,2016,Oct,2016-2017,1,,2,10.161,10.21,10.2067673611111,10.161,10.259
2016-10-26,2016,Oct,2016-2017,1,,2,10.161,10.161,10.1889027777778,10.161,10.357
2016-10-27,2016,Oct,2016-2017,1,,2,10.259,10.259,10.2663159722222,10.161,10.357
2016-10-28,2016,Oct,2016-2017,1,,2,10.259,10.259,10.2807777777778,10.259,10.357
2016-10-29,2016,Oct,2016-2017,1,,2,10.259,10.259,10.2719305555556,10.161,10.357
2016-10-30,2016,Oct,2016-2017,1,,2,10.259,10.259,10.2351805555556,10.063,10.357
2016-10-31,2016,Oct,2016-2017,1,,2,10.161,10.259,10.2244618055556,10.161,10.357
2016-11-01,2016,Nov,2016-2017,1,,2,10.161,10.161,10.154875,9.965,10.259
2016-11-02,2016,Nov,2016-2017,1,,2,10.063,10.161,10.1618506944444,10.063,10.259
2016-11-03,2016,Nov,2016-2017,1,,2,10.063,10.063,10.1079166666667,9.965,10.259
2016-11-04,2016,Nov,2016-2017,1,,2,10.161,10.161,10.1526631944444,10.063,10.259
2016-11-05,2016,Nov,2016-2017,1,,2,10.259,10.259,10.2751631944444,10.21,10.357
2016-11-06,2016,Nov,2016-2017,1,,2,10.357,10.357,10.33096875,10.259,10.455
2016-11-07,2016,Nov,2016-2017,1,,2,10.455,10.357,10.3656770833333,10.357,10.455
2016-11-08,2016,Nov,2016-2017,1,,2,10.357,10.357,10.3905173611111,10.357,10.455
2016-11-09,2016,Nov,2016-2017,1,,2,10.455,10.455,10.4568715277778,10.357,10.553
2016-11-10,2016,Nov,2016-2017,1,,2,10.455,10.455,10.399875,10.259,10.455
2016-11-11,2016,Nov,2016-2017,1,,2,10.357,10.357,10.3510451388889,10.161,10.455
2016-11-12,2016,Nov,2016-2017,1,,2,10.357,10.308,10.29575,10.161,10.455
2016-11-13,2016,Nov,2016-2017,1,,2,10.553,10.3325,10.2940486111111,10.063,10.553
2016-11-14,2016,Nov,2016-2017,1,,2,10.553,10.504,10.4665694444444,10.161,10.553
2016-11-15,2016,Nov,2016-2017,1,,2,10.553,10.553,10.54075,10.357,10.651
2016-11-16,2016,Nov,2016-2017,1,,2,10.553,10.39375,10.3985138888889,10.161,10.651
2016-11-17,2016,Nov,2016-2017,1,,2,10.357,10.32025,10.3307986111111,9.965,10.651
2016-11-18,2016,Nov,2016-2017,1,,2,9.373,10.12425,10.0283055555556,8.978,10.651
2016-11-19,2016,Nov,2016-2017,1,,2,9.176,9.31175,9.45981423611111,9.077,10.357
2016-11-20,2016,Nov,2016-2017,1,,2,9.472,9.472,9.46250694444444,9.077,9.866
2016-11-21,2016,Nov,2016-2017,1,,2,9.373,9.669,9.65499131944444,9.373,9.965
2016-11-22,2016,Nov,2016-2017,1,,2,9.965,9.866,9.77206944444445,9.077,10.161
2016-11-23,2016,Nov,2016-2017,1,,2,10.161,9.94025,9.863625,9.176,10.161
2016-11-24,2016,Nov,2016-2017,1,,2,10.357,10.32025,10.2640208333333,9.669,10.455
2016-11-25,2016,Nov,2016-2017,1,,2,10.161,10.357,10.3246736111111,10.063,10.455
2016-11-26,2016,Nov,2016-2017,1,,2,9.768,9.85375,9.78330729166667,9.275,10.161
2016-11-27,2016,Nov,2016-2017,1,,2,8.879,9.0275,9.04928645833333,8.68,9.768
2016-11-28,2016,Nov,2016-2017,1,,2,10.161,9.853875,9.75545486111111,8.879,10.259
2016-11-29,2016,Nov,2016-2017,1,,2,9.472,9.533875,9.56537673611111,8.879,10.357
2016-11-30,2016,Nov,2016-2017,1,,2,9.965,10.063,10.0175954861111,9.472,10.357
2016-12-01,2016,Dec,2016-2017,1,,2,9.768,9.669,9.69282118055556,9.373,10.063
2016-12-02,2016,Dec,2016-2017,1,,2,10.455,10.259,10.199203125,9.669,10.455
2016-12-03,2016,Dec,2016-2017,1,,2,10.063,10.455,10.4019027777778,9.866,10.553
2016-12-04,2016,Dec,2016-2017,1,,2,9.077,9.6695,9.61305902777778,8.978,10.161
2016-12-05,2016,Dec,2016-2017,1,,2,8.978,9.10175,9.19099131944444,8.978,9.669
2016-12-06,2016,Dec,2016-2017,1,,2,8.082,8.182,8.40665277777778,7.782,8.978
2016-12-07,2016,Dec,2016-2017,1,,2,8.082,8.082,8.13201388888889,7.983,8.382
2016-12-08,2016,Dec,2016-2017,1,,2,8.082,8.082,8.0820625,7.782,8.182
2016-12-09,2016,Dec,2016-2017,1,,2,8.779,8.382,8.34276215277778,7.682,8.779
2016-12-10,2016,Dec,2016-2017,1,,2,8.481,8.232,8.13460069444444,6.978,8.879
2016-12-11,2016,Dec,2016-2017,1,,2,8.182,8.40675,8.30056076388889,7.28,8.879
2016-12-12,2016,Dec,2016-2017,1,,2,9.077,8.779,8.75352256944445,8.082,9.176
2016-12-13,2016,Dec,2016-2017,1,,2,9.077,9.015125,9.00196527777778,8.382,9.176
2016-12-14,2016,Dec,2016-2017,1,,2,9.176,9.077,8.99584895833333,7.582,9.176
2016-12-15,2016,Dec,2016-2017,1,,2,8.779,9.077,8.70555034722222,7.381,9.176
2016-12-16,2016,Dec,2016-2017,1,,2,9.077,8.717125,8.71778125,7.782,9.176
2016-12-17,2016,Dec,2016-2017,1,,2,8.978,8.879,8.75838020833333,7.28,9.077
2016-12-18,2016,Dec,2016-2017,1,,2,8.68,8.879,8.87368402777778,8.68,9.077
2016-12-19,2016,Dec,2016-2017,1,,2,7.882,8.7915,8.64724652777778,7.682,9.077
2016-12-20,2016,Dec,2016-2017,1,,2,8.978,8.879,8.70955555555556,7.9325,9.077
2016-12-21,2016,Dec,2016-2017,1,,2,8.382,8.879,8.88056944444444,8.382,8.978
2016-12-22,2016,Dec,2016-2017,1,,2,8.779,8.779,8.73713715277778,8.282,8.978
2016-12-23,2016,Dec,2016-2017,1,,2,8.779,8.7915,8.82413888888889,8.779,8.879
2016-12-24,2016,Dec,2016-2017,1,,2,8.879,8.779,8.81495138888889,8.68,8.879
2016-12-25,2016,Dec,2016-2017,1,,2,8.779,8.779,8.78475,8.68,8.879
2016-12-26,2016,Dec,2016-2017,1,,2,8.879,8.7915,8.80675,8.581,8.879
2016-12-27,2016,Dec,2016-2017,1,,2,8.978,8.879,8.903578125,8.879,9.077
2016-12-28,2016,Dec,2016-2017,1,,2,8.581,8.978,8.84212673611111,8.481,9.077
2016-12-29,2016,Dec,2016-2017,1,,2,8.879,8.581,8.60856597222222,8.481,8.879
2016-12-30,2016,Dec,2016-2017,1,,2,8.481,8.68,8.61905902777778,7.983,8.879
2016-12-31,2016,Dec,2016-2017,1,,2,8.481,8.5685,8.53920833333334,7.882,8.779
2017-01-01,2017,Jan,2016-2017,1,,2,7.782,7.544125,7.62949131944444,6.877,8.581
2017-01-02,2017,Jan,2016-2017,1,,2,7.28,7.682,7.61348263888889,6.978,7.983
2017-01-03,2017,Jan,2016-2017,1,,2,7.381,7.481,7.46349826388889,6.674,7.782
2017-01-04,2017,Jan,2016-2017,1,,2,8.182,8.182,8.12796354166667,7.481,8.282
2017-01-05,2017,Jan,2016-2017,1,,2,8.182,8.182,8.16676388888889,7.782,8.282
2017-01-06,2017,Jan,2016-2017,1,,2,7.782,8.082,8.04536111111111,7.782,8.182
2017-01-07,2017,Jan,2016-2017,1,,2,7.179,7.456,7.50856076388889,7.179,7.983
2017-01-08,2017,Jan,2016-2017,1,,2,6.877,7.3935,7.40592013888889,6.877,7.983
2017-01-09,2017,Jan,2016-2017,1,,2,6.775,6.978,6.97112847222222,6.471,7.582
2017-01-10,2017,Jan,2016-2017,1,,2,7.481,7.292625,7.27354513888889,6.775,7.782
2017-01-11,2017,Jan,2016-2017,1,,2,7.782,7.582,7.60626215277778,7.481,7.782
2017-01-12,2017,Jan,2016-2017,1,,2,7.582,7.632,7.63509027777777,7.381,7.882
2017-01-13,2017,Jan,2016-2017,1,,2,7.582,7.481,7.49372916666666,7.381,7.582
2017-01-14,2017,Jan,2016-2017,1,,2,7.582,7.481,7.52102083333333,7.381,7.582
2017-01-15,2017,Jan,2016-2017,1,,2,7.582,7.481,7.50420833333333,7.381,7.582
2017-01-16,2017,Jan,2016-2017,1,,2,7.481,7.481,7.49105034722222,7.381,7.582
2017-01-17,2017,Jan,2016-2017,1,,2,7.582,7.5315,7.49314409722222,7.381,7.582
2017-01-18,2017,Jan,2016-2017,1,,2,7.682,7.582,7.64849305555555,7.582,7.782
2017-01-19,2017,Jan,2016-2017,1,,2,7.682,7.682,7.67922222222222,7.582,7.782
2017-01-20,2017,Jan,2016-2017,1,,2,7.782,7.782,7.77002083333333,7.682,7.782
2017-01-21,2017,Jan,2016-2017,1,,2,7.682,7.732,7.73772916666667,7.682,7.782
2017-01-22,2017,Jan,2016-2017,1,,2,7.682,7.682,7.68755555555555,7.682,7.782
2017-01-23,2017,Jan,2016-2017,1,,2,7.582,7.682,7.627125,7.381,7.682
2017-01-24,2017,Jan,2016-2017,1,,2,7.079,7.191625,7.29333854166666,7.079,7.682
2017-01-25,2017,Jan,2016-2017,1,,2,6.978,7.015875,7.07330034722222,6.978,7.381
2017-01-26,2017,Jan,2016-2017,1,,2,7.179,7.079,7.123171875,6.978,7.481
2017-01-27,2017,Jan,2016-2017,1,,2,7.28,7.28,7.262984375,7.179,7.481
2017-01-28,2017,Jan,2016-2017,1,,2,7.28,7.381,7.38344444444444,7.28,7.481
2017-01-29,2017,Jan,2016-2017,1,,2,7.682,7.582,7.50077430555555,7.28,7.682
2017-01-30,2017,Jan,2016-2017,1,,2,7.381,7.544125,7.51523090277778,6.877,7.682
2017-01-31,2017,Jan,2016-2017,1,,2,7.179,7.481,7.29750347222222,6.37,7.682
2017-02-01,2017,Feb,2016-2017,1,,2,7.381,7.481,7.38856597222222,6.877,7.582
2017-02-02,2017,Feb,2016-2017,1,,2,7.582,7.582,7.52499131944444,7.28,7.582
2017-02-03,2017,Feb,2016-2017,1,,2,6.37,7.3935,7.19807638888889,6.37,7.582
2017-02-04,2017,Feb,2016-2017,1,,2,6.471,6.2935,6.29240104166667,5.037,7.179
2017-02-05,2017,Feb,2016-2017,1,,2,5.45,5.8725,5.95100173611111,5.244,6.674
2017-02-06,2017,Feb,2016-2017,1,,2,5.037,5.48825,5.24524479166667,3.998,5.655
2017-02-07,2017,Feb,2016-2017,1,,2,6.573,5.179625,5.41291666666667,3.998,7.179
2017-02-08,2017,Feb,2016-2017,1,,2,5.962,6.02575,5.70022743055555,3.683,7.179
2017-02-09,2017,Feb,2016-2017,1,,2,7.179,5.71875,5.88718576388889,5.141,7.28
2017-02-10,2017,Feb,2016-2017,1,,2,7.179,6.95275,6.933375,6.573,7.179
2017-02-11,2017,Feb,2016-2017,1,,2,7.079,7.079,7.08039583333333,6.978,7.179
2017-02-12,2017,Feb,2016-2017,1,,2,6.573,6.877,6.85010069444445,6.573,7.079
2017-02-13,2017,Feb,2016-2017,1,,2,6.978,6.674,6.71124826388889,6.573,7.079
2017-02-14,2017,Feb,2016-2017,1,,2,7.079,7.041125,7.037359375,6.877,7.179
2017-02-15,2017,Feb,2016-2017,1,,2,7.179,7.179,7.16990277777778,7.079,7.28
2017-02-16,2017,Feb,2016-2017,1,,2,7.28,7.28,7.27131076388889,7.179,7.481
2017-02-17,2017,Feb,2016-2017,1,,2,7.28,7.28,7.28490972222222,7.179,7.381
2017-02-18,2017,Feb,2016-2017,1,,2,7.381,7.368375,7.33661631944444,7.28,7.481
2017-02-19,2017,Feb,2016-2017,1,,2,7.381,7.381,7.38444444444444,7.28,7.481
2017-02-20,2017,Feb,2016-2017,1,,2,7.381,7.381,7.39488888888889,7.381,7.481
2017-02-21,2017,Feb,2016-2017,1,,2,7.481,7.481,7.43573611111111,7.381,7.582
2017-02-22,2017,Feb,2016-2017,1,,2,7.582,7.481,7.50747743055555,7.481,7.582
2017-02-23,2017,Feb,2016-2017,1,,2,7.481,7.481,7.45687673611111,6.775,7.582
2017-02-24,2017,Feb,2016-2017,1,,2,7.582,7.2675,7.11217881944444,5.86,7.582
2017-02-25,2017,Feb,2016-2017,1,,2,6.978,6.965375,6.80938888888889,5.962,7.582
2017-02-26,2017,Feb,2016-2017,1,,2,7.079,7.0915,6.91559548611111,5.552,7.381
2017-02-27,2017,Feb,2016-2017,1,,2,7.079,7.179,7.10021527777778,6.775,7.28
2017-02-28,2017,Feb,2016-2017,1,,2,7.28,7.179,7.15731770833333,6.978,7.481
2017-03-01,2017,Mar,2016-2017,1,,2,7.481,7.292625,7.31045659722222,7.079,7.481
2017-03-02,2017,Mar,2016-2017,1,,2,7.381,7.179,7.16970833333333,6.978,7.481
2017-03-03,2017,Mar,2016-2017,1,,2,7.381,7.381,7.34519444444445,7.179,7.481
2017-03-04,2017,Mar,2016-2017,1,,2,7.381,7.368375,7.24165972222222,6.674,7.481
2017-03-05,2017,Mar,2016-2017,1,,2,7.28,7.381,7.32646701388889,6.978,7.481
2017-03-06,2017,Mar,2016-2017,1,,2,6.978,7.2295,7.15038541666667,6.674,7.381
2017-03-07,2017,Mar,2016-2017,1,,2,7.079,7.041125,7.002234375,6.775,7.28
2017-03-08,2017,Mar,2016-2017,1,,2,6.877,7.28,7.21539236111111,6.877,7.481
2017-03-09,2017,Mar,2016-2017,1,,2,6.674,7.153875,6.99822743055556,6.064,7.481
2017-03-10,2017,Mar,2016-2017,1,,2,6.268,6.6235,6.67502430555556,6.268,7.381
2017-03-11,2017,Mar,2016-2017,1,,2,6.37,6.3445,6.34900347222222,6.064,7.079
2017-03-12,2017,Mar,2016-2017,1,,2,6.471,6.471,6.43294965277778,6.37,6.471
2017-03-13,2017,Mar,2016-2017,1,,2,6.978,6.598,6.64900868055556,6.37,7.079
2017-03-14,2017,Mar,2016-2017,1,,2,7.079,6.877,6.89972048611111,6.674,7.079
2017-03-15,2017,Mar,2016-2017,1,,2,7.079,6.978,6.99623611111111,6.877,7.079
2017-03-16,2017,Mar,2016-2017,1,,2,7.079,7.079,7.03691666666667,6.877,7.079
2017-03-17,2017,Mar,2016-2017,1,,2,7.079,7.079,7.09775,7.079,7.179
2017-03-18,2017,Mar,2016-2017,1,,2,7.179,7.079,7.11146527777778,7.079,7.179
2017-03-19,2017,Mar,2016-2017,1,,2,7.381,7.179,7.16778125,7.079,7.481
2017-03-20,2017,Mar,2016-2017,1,,2,7.28,7.28,7.25352256944445,7.179,7.381
2017-03-21,2017,Mar,2016-2017,1,,2,7.28,7.28,7.26322222222222,6.978,7.381
2017-03-22,2017,Mar,2016-2017,1,,2,7.179,7.179,7.06013368055556,6.573,7.28
2017-03-23,2017,Mar,2016-2017,1,,2,7.079,7.079,7.07609722222222,6.674,7.28
2017-03-24,2017,Mar,2016-2017,1,,2,7.079,7.079,7.06044444444444,6.775,7.179
2017-03-25,2017,Mar,2016-2017,1,,2,7.179,7.179,7.16009027777778,7.079,7.28
2017-03-26,2017,Mar,2016-2017,1,,2,7.179,7.179,7.16790277777778,6.978,7.28
2017-03-27,2017,Mar,2016-2017,1,,2,7.179,7.179,7.179,7.179,7.179
2017-03-28,2017,Mar,2016-2017,1,,2,7.179,7.179,7.17691666666667,7.079,7.179
2017-03-29,2017,Mar,2016-2017,1,,2,7.28,7.179,7.22090798611111,7.179,7.28
2017-03-30,2017,Mar,2016-2017,1,,2,7.28,7.28,7.27438888888889,7.179,7.28
2017-03-31,2017,Mar,2016-2017,1,,2,7.381,7.381,7.37215104166667,7.28,7.481
2017-04-01,2017,Apr,2016-2017,1,,2,7.381,7.381,7.39002777777778,7.381,7.481
2017-04-02,2017,Apr,2016-2017,1,,2,7.481,7.481,7.45946527777778,7.381,7.682
2017-04-03,2017,Apr,2016-2017,1,,2,7.682,7.6695,7.67647048611111,7.381,7.983
2017-04-04,2017,Apr,2016-2017,1,,2,7.882,7.983,7.94744444444444,7.682,8.082
2017-04-05,2017,Apr,2016-2017,1,,2,7.782,7.882,7.861375,7.782,7.983
2017-04-06,2017,Apr,2016-2017,1,,2,7.782,7.782,7.782,7.782,7.782
2017-04-07,2017,Apr,2016-2017,1,,2,7.882,7.857,7.83321527777778,7.582,7.882
2017-04-08,2017,Apr,2016-2017,1,,2,7.882,7.882,7.90915972222222,7.782,8.182
2017-04-09,2017,Apr,2016-2017,1,,2,7.882,7.882,7.87924305555556,7.782,8.082
2017-04-10,2017,Apr,2016-2017,1,,2,7.983,7.882,7.90419965277778,7.882,8.082
2017-04-11,2017,Apr,2016-2017,1,,2,7.882,7.882,7.91232118055556,7.882,8.082
2017-04-12,2017,Apr,2016-2017,1,,2,8.282,7.882,7.96554861111111,7.882,8.68
2017-04-13,2017,Apr,2016-2017,1,,2,8.879,8.3695,8.37794270833333,7.882,9.077
2017-04-14,2017,Apr,2016-2017,1,,2,8.581,8.3195,8.45554513888889,7.983,9.077
2017-04-15,2017,Apr,2016-2017,1,,2,8.779,8.2195,8.37941319444444,8.082,8.978
2017-04-16,2017,Apr,2016-2017,1,,2,8.082,8.182,8.20532118055556,8.082,9.077
2017-04-17,2017,Apr,2016-2017,1,,2,8.779,8.182,8.36519965277778,8.082,9.472
2017-04-18,2017,Apr,2016-2017,1,,2,8.481,8.8165,8.82617013888889,8.082,9.472
2017-04-19,2017,Apr,2016-2017,1,,2,8.779,8.581,8.82307291666667,8.282,9.571
2017-04-20,2017,Apr,2016-2017,1,,2,8.68,8.68,8.72155381944444,8.481,9.373
2017-04-21,2017,Apr,2016-2017,1,,2,9.176,8.779,8.83013888888889,8.581,9.176
2017-04-22,2017,Apr,2016-2017,1,,2,8.779,9.015125,9.43890451388889,8.68,10.944
2017-04-23,2017,Apr,2016-2017,1,,2,8.978,8.978,9.23891840277778,8.779,10.553
2017-04-24,2017,Apr,2016-2017,1,,2,9.176,9.1265,9.24784375,8.879,10.651
2017-04-25,2017,Apr,2016-2017,1,,2,8.879,9.188375,9.36773784722222,8.879,10.357
2017-04-26,2017,Apr,2016-2017,1,,2,8.978,9.077,9.22661284722222,8.879,10.259
2017-04-27,2017,Apr,2016-2017,1,,2,8.978,9.077,9.0928125,8.978,9.275
2017-04-28,2017,Apr,2016-2017,1,,2,9.176,9.176,9.21173958333334,8.978,9.965
2017-04-29,2017,Apr,2016-2017,1,,2,9.472,9.237875,9.21633333333334,8.978,9.472
2017-04-30,2017,Apr,2016-2017,1,,2,8.978,9.176,9.17867708333333,8.978,9.472
2017-05-01,2017,May,2016-2017,1,,2,9.176,9.176,9.14532986111112,8.978,9.373
2017-05-02,2017,May,2016-2017,1,,2,9.275,9.2255,9.34704340277778,9.077,9.768
2017-05-03,2017,May,2016-2017,1,,2,9.472,9.533875,9.52237326388889,9.176,9.768
2017-05-04,2017,May,2016-2017,1,,2,9.571,9.571,9.57857118055555,9.373,9.965
2017-05-05,2017,May,2016-2017,1,,2,9.866,9.571,9.62150173611111,9.472,9.965
2017-05-06,2017,May,2016-2017,1,,2,9.768,9.866,9.83710069444445,9.571,9.965
2017-05-07,2017,May,2016-2017,1,,2,9.669,9.768,9.818359375,9.571,10.455
2017-05-08,2017,May,2016-2017,1,,2,9.669,9.768,9.79438194444444,9.669,10.161
2017-05-09,2017,May,2016-2017,1,,2,9.669,9.669,9.68836111111111,9.571,9.768
2017-05-10,2017,May,2016-2017,1,,2,9.768,9.80475,9.85969618055555,9.571,10.846
2017-05-11,2017,May,2016-2017,1,,2,9.768,9.965,10.2040138888889,9.669,11.139
2017-05-12,2017,May,2016-2017,1,,2,9.965,10.063,10.133796875,9.768,11.139
2017-05-13,2017,May,2016-2017,1,,2,10.063,10.161,10.1809618055556,9.571,10.944
2017-05-14,2017,May,2016-2017,1,,2,9.965,10.063,10.0567465277778,9.571,10.357
2017-05-15,2017,May,2016-2017,1,,2,9.965,9.89075,9.95425,9.571,10.357
2017-05-16,2017,May,2016-2017,1,,2,10.063,9.866,9.85846875,9.669,10.357
2017-05-17,2017,May,2016-2017,1,,2,10.553,10.063,10.2828645833333,9.866,11.625
2017-05-18,2017,May,2016-2017,1,,2,10.259,10.259,10.3408576388889,9.866,11.528
2017-05-19,2017,May,2016-2017,1,,2,9.965,10.063,10.1136840277778,9.768,10.748
2017-05-20,2017,May,2016-2017,1,,2,10.846,10.39375,10.3579635416667,9.768,11.236
2017-05-21,2017,May,2016-2017,1,,2,11.041,10.46725,10.640453125,9.768,12.207
2017-05-22,2017,May,2016-2017,1,,2,9.866,10.161,10.2148107638889,9.373,11.334
2017-05-23,2017,May,2016-2017,1,,2,10.063,10.161,10.279296875,9.768,11.722
2017-05-24,2017,May,2016-2017,1,,2,9.965,10.357,10.27753125,9.866,10.651
2017-05-25,2017,May,2016-2017,1,,2,9.768,10.07525,10.1534114583333,9.472,11.625
2017-05-26,2017,May,2016-2017,1,,2,10.063,10.0385,10.2218142361111,9.176,12.401
2017-05-27,2017,May,2016-2017,1,,2,9.571,9.656875,9.73304166666667,8.978,11.722
2017-05-28,2017,May,2016-2017,1,,2,10.063,9.373,9.44273611111111,8.68,10.748
2017-05-29,2017,May,2016-2017,1,,2,9.866,9.817,9.86653645833333,9.077,10.748
2017-05-30,2017,May,2016-2017,1,,2,10.944,9.373,9.56674652777778,8.978,10.944
2017-05-31,2017,May,2016-2017,1,,2,8.978,9.49675,9.74290625,8.879,11.139
2017-06-01,2017,Jun,2016-2017,1,,2,10.455,10.17325,10.0081579861111,8.978,11.041
2017-06-02,2017,Jun,2016-2017,1,,2,10.455,10.259,10.3039166666667,10.063,10.553
2017-06-03,2017,Jun,2016-2017,1,,2,10.357,10.357,10.3973229166667,10.161,10.553
2017-06-04,2017,Jun,2016-2017,1,,2,10.259,10.49175,10.5305451388889,10.259,11.139
2017-06-05,2017,Jun,2016-2017,1,,2,10.944,10.553,10.6512204861111,10.259,11.528
2017-06-06,2017,Jun,2016-2017,1,,2,10.846,11.199625,11.2472951388889,10.259,13.269
2017-06-07,2017,Jun,2016-2017,1,,2,10.651,10.9925,11.3399913194444,10.259,13.461
2017-06-08,2017,Jun,2016-2017,1,,2,11.334,11.211875,11.3503420138889,10.357,13.942
2017-06-09,2017,Jun,2016-2017,1,,2,11.431,11.431,11.4689496527778,11.041,12.304
2017-06-10,2017,Jun,2016-2017,1,,2,11.041,11.443125,11.5269756944444,10.944,12.401
2017-06-11,2017,Jun,2016-2017,1,,2,10.161,11.041,11.0862291666667,10.161,12.11
2017-06-12,2017,Jun,2016-2017,1,,2,10.553,10.63875,10.6915763888889,9.965,12.11
2017-06-13,2017,Jun,2016-2017,1,,2,10.748,10.46725,10.5647447916667,9.965,12.304
2017-06-14,2017,Jun,2016-2017,1,,2,10.455,10.553,10.6843697916667,9.669,12.69
2017-06-15,2017,Jun,2016-2017,1,,2,10.748,10.74825,10.8270190972222,10.063,11.431
2017-06-16,2017,Jun,2016-2017,1,,2,10.748,10.943875,10.9137152777778,10.651,11.334
2017-06-17,2017,Jun,2016-2017,1,,2,10.944,10.944,10.9939861111111,10.748,11.916
2017-06-18,2017,Jun,2016-2017,1,,2,12.69,11.758375,11.90309375,10.846,13.076
2017-06-19,2017,Jun,2016-2017,1,,2,10.944,11.211875,11.5195451388889,10.748,12.883
2017-06-20,2017,Jun,2016-2017,1,,2,11.236,10.944,10.9620208333333,10.651,11.334
2017-06-21,2017,Jun,2016-2017,1,,2,11.236,11.334,11.38925,10.846,12.497
2017-06-22,2017,Jun,2016-2017,1,,2,12.013,11.6735,11.6489357638889,10.944,12.883
2017-06-23,2017,Jun,2016-2017,1,,2,11.334,12.170625,12.4427204861111,10.748,14.421
2017-06-24,2017,Jun,2016-2017,1,,2,11.334,12.049375,12.4362083333333,11.041,15.282
2017-06-25,2017,Jun,2016-2017,1,,2,11.334,11.916,11.9927847222222,11.236,14.709
2017-06-26,2017,Jun,2016-2017,1,,2,11.431,11.625,11.6817760416667,11.139,13.846
2017-06-27,2017,Jun,2016-2017,1,,2,11.041,11.431,11.4667465277778,10.748,13.461
2017-06-28,2017,Jun,2016-2017,1,,2,11.528,11.029,11.0393628472222,10.259,12.207
2017-06-29,2017,Jun,2016-2017,1,,2,11.722,10.809375,10.9039409722222,10.259,12.497
2017-06-30,2017,Jun,2016-2017,1,,2,11.431,10.98025,11.0256163194444,10.259,12.883
2017-07-01,2017,Jul,2016-2017,1,,2,10.455,10.882625,11.2947638888889,10.161,13.75
2017-07-02,2017,Jul,2016-2017,1,,2,11.041,10.8705,10.9546284722222,10.161,13.461
2017-07-03,2017,Jul,2016-2017,1,,2,11.139,11.139,11.1919409722222,10.846,11.819
2017-07-04,2017,Jul,2016-2017,1,,2,11.625,11.24825,11.4253229166667,10.748,12.98
2017-07-05,2017,Jul,2016-2017,1,,2,10.944,11.903875,12.2580017361111,10.651,14.709
2017-07-06,2017,Jul,2016-2017,1,,2,11.236,11.661375,11.6561111111111,10.455,14.23
2017-07-07,2017,Jul,2016-2017,1,,2,10.944,11.163125,11.2349166666667,10.357,13.076
2017-07-08,2017,Jul,2016-2017,1,,2,11.236,11.139,11.2557013888889,10.259,13.461
2017-07-09,2017,Jul,2016-2017,1,,2,11.041,11.07775,11.1446996527778,10.651,12.207
2017-07-10,2017,Jul,2016-2017,1,,2,10.651,11.07775,11.0214965277778,10.357,11.625
2017-07-11,2017,Jul,2016-2017,1,,2,11.334,10.93175,11.170640625,10.455,12.69
2017-07-12,2017,Jul,2016-2017,1,,2,11.139,10.956125,10.9660260416667,10.455,12.69
2017-07-13,2017,Jul,2016-2017,1,,2,11.236,11.05325,11.0721302083333,10.651,11.722
2017-07-14,2017,Jul,2016-2017,1,,2,11.722,11.45525,11.4438854166667,10.846,12.401
2017-07-15,2017,Jul,2016-2017,1,,2,11.625,11.831125,11.8376684027778,10.944,13.076
2017-07-16,2017,Jul,2016-2017,1,,2,11.625,11.540125,11.5811388888889,11.041,12.207
2017-07-17,2017,Jul,2016-2017,1,,2,11.916,11.74625,11.7719947916667,11.334,12.69
2017-07-18,2017,Jul,2016-2017,1,,2,11.916,13.004125,13.0045833333333,11.625,15.378
2017-07-19,2017,Jul,2016-2017,1,,2,12.594,13.19675,13.2263368055556,11.236,15.378
2017-07-20,2017,Jul,2016-2017,1,,2,11.819,12.81075,12.9369427083333,11.431,15.855
2017-07-21,2017,Jul,2016-2017,1,,2,12.401,12.786625,12.91140625,11.8675,15.187
2017-07-22,2017,Jul,2016-2017,1,,2,12.013,13.028,12.9142986111111,11.916,14.517
2017-07-23,2017,Jul,2016-2017,1,,2,12.207,12.2555,12.2467465277778,11.625,12.883
2017-07-24,2017,Jul,2016-2017,1,,2,12.11,12.34025,12.4288489583333,11.625,13.75
2017-07-25,2017,Jul,2016-2017,1,,2,11.722,12.170625,12.4727847222222,11.334,14.996
2017-07-26,2017,Jul,2016-2017,1,,2,11.334,12.025125,12.1170069444444,11.041,14.709
2017-07-27,2017,Jul,2016-2017,1,,2,12.013,11.916,11.9293489583333,11.139,13.654
2017-07-28,2017,Jul,2016-2017,1,,2,12.013,11.89175,12.0040694444444,11.236,13.173
2017-07-29,2017,Jul,2016-2017,1,,2,12.401,12.32825,12.4959930555556,11.139,14.709
2017-07-30,2017,Jul,2016-2017,1,,2,12.497,12.497,12.4295208333333,11.236,13.75
2017-07-31,2017,Jul,2016-2017,1,,2,12.497,12.497,12.4696458333333,12.11,12.883
2017-08-01,2017,Aug,2016-2017,1,,2,12.98,12.9555,13.1792934027778,12.11,15.569
2017-08-02,2017,Aug,2016-2017,1,,2,11.819,13.256875,13.4158211805556,11.819,16.141
2017-08-03,2017,Aug,2016-2017,1,,2,11.916,12.702375,12.9233524305556,11.625,15.569
2017-08-04,2017,Aug,2016-2017,1,,2,11.722,12.424625,12.8082326388889,11.334,15.76
2017-08-05,2017,Aug,2016-2017,1,,2,12.11,12.412625,12.5639861111111,11.041,14.517
2017-08-06,2017,Aug,2016-2017,1,,2,12.883,12.847,12.8269010416667,11.334,14.134
2017-08-07,2017,Aug,2016-2017,1,,2,11.722,12.9315,12.8676059027778,11.722,13.846
2017-08-08,2017,Aug,2016-2017,1,,2,11.916,12.24325,12.1903715277778,11.041,13.654
2017-08-09,2017,Aug,2016-2017,1,,2,11.528,11.734125,11.8597430555556,11.041,13.076
2017-08-10,2017,Aug,2016-2017,1,,2,11.625,11.309625,11.320734375,10.748,12.594
2017-08-11,2017,Aug,2016-2017,1,,2,11.236,11.028875,11.1104253472222,10.651,12.883
2017-08-12,2017,Aug,2016-2017,1,,2,11.625,11.04125,11.3587413194444,10.161,13.365
2017-08-13,2017,Aug,2016-2017,1,,2,11.819,11.40675,11.3142256944444,10.063,12.304
2017-08-14,2017,Aug,2016-2017,1,,2,11.528,11.284875,11.3378177083333,10.748,12.304
2017-08-15,2017,Aug,2016-2017,1,,2,11.528,11.528,11.5170486111111,10.944,12.013
2017-08-16,2017,Aug,2016-2017,1,,2,12.013,11.831125,11.9238177083333,11.431,12.98
2017-08-17,2017,Aug,2016-2017,1,,2,11.819,12.11,12.0947465277778,11.528,12.69
2017-08-18,2017,Aug,2016-2017,1,,2,12.207,11.952375,11.9671944444444,11.528,12.401
2017-08-19,2017,Aug,2016-2017,1,,2,11.819,12.207,12.1678541666667,11.625,12.69
2017-08-20,2017,Aug,2016-2017,1,,2,11.625,12.13425,12.1677534722222,11.625,12.98
2017-08-21,2017,Aug,2016-2017,1,,2,11.819,11.916,12.02265625,11.431,12.787
2017-08-22,2017,Aug,2016-2017,1,,2,11.916,12.207,12.4019704861111,11.722,13.75
2017-08-23,2017,Aug,2016-2017,1,,2,12.013,12.207,12.4085121527778,11.819,13.654
2017-08-24,2017,Aug,2016-2017,1,,2,11.334,11.94025,12.0018038194444,11.236,13.461
2017-08-25,2017,Aug,2016-2017,1,,2,12.11,12.013,12.0840972222222,11.334,13.269
2017-08-26,2017,Aug,2016-2017,1,,2,12.207,12.194875,12.2724149305556,11.819,12.883
2017-08-27,2017,Aug,2016-2017,1,,2,12.594,12.304,12.3219600694444,12.013,12.69
2017-08-28,2017,Aug,2016-2017,1,,2,14.038,12.497,12.6337291666667,12.11,14.325
2017-08-29,2017,Aug,2016-2017,1,,2,13.75,13.293,13.3859861111111,12.207,15.282
2017-08-30,2017,Aug,2016-2017,1,,2,12.98,13.413,13.3850034722222,12.497,14.996
2017-08-31,2017,Aug,2016-2017,1,,2,12.883,13.052,13.0568211805556,12.497,13.558
2017-09-01,2017,Sep,2016-2017,1,,2,13.173,13.437,13.3665243055556,12.787,14.134
2017-09-02,2017,Sep,2016-2017,1,,2,13.269,13.558,13.5467013888889,13.076,14.517
2017-09-03,2017,Sep,2016-2017,1,,2,13.269,13.365,13.3717083333333,12.787,14.23
2017-09-04,2017,Sep,2016-2017,1,,2,13.269,13.473125,13.5644513888889,12.787,14.709
2017-09-05,2017,Sep,2016-2017,1,,2,13.365,13.569875,13.7527847222222,12.883,16.427
2017-09-06,2017,Sep,2016-2017,1,,2,13.461,13.75,13.928125,12.787,17.284
2017-09-07,2017,Sep,2016-2017,1,,2,13.461,13.69,13.6896805555556,13.076,14.9
2017-09-08,2017,Sep,2016-2017,1,,2,13.269,13.401,13.4556388888889,12.883,14.038
2017-09-09,2017,Sep,2016-2017,1,,2,11.819,13.076,13.10909375,11.819,14.038
2017-09-10,2017,Sep,2016-2017,1,,2,12.594,12.594,12.6050434027778,11.819,13.173
2017-09-11,2017,Sep,2016-2017,1,,2,12.207,12.3525,12.386296875,12.11,12.98
2017-09-12,2017,Sep,2016-2017,1,,2,12.304,12.207,12.2640260416667,12.11,12.69
2017-09-13,2017,Sep,2016-2017,1,,2,13.076,12.847,12.7545208333333,12.207,13.173
2017-09-14,2017,Sep,2016-2017,1,,2,12.98,13.1726388888889,13.1825956790123,12.69,13.942
2017-09-15,2017,Sep,2016-2017,1,,2,12.8827777777778,13.5336111111111,13.4900260416667,12.7872222222222,14.23
2017-09-16,2017,Sep,2016-2017,1,,2,13.4611111111111,13.5336111111111,13.4040769675926,12.4011111111111,13.8461111111111
2017-09-17,2017,Sep,2016-2017,1,,2,12.8827777777778,13.0761111111111,13.0503134645062,12.5938888888889,13.5577777777778
2017-09-18,2017,Sep,2016-2017,1,,2,12.4972222222222,12.69,12.6821469907407,12.3038888888889,13.0761111111111
2017-09-19,2017,Sep,2016-2017,1,,2,12.3038888888889,12.4731944444444,12.4500231481481,12.11,12.8827777777778
2017-09-20,2017,Sep,2016-2017,1,,2,12.11,12.4611805555556,12.4954369212963,11.9161111111111,13.0761111111111
2017-09-21,2017,Sep,2016-2017,1,,2,11.8188888888889,12.4371527777778,12.3618016975309,11.4311111111111,12.98
2017-09-22,2017,Sep,2016-2017,1,,2,11.9161111111111,12.3646527777778,12.3128790509259,11.625,12.69
2017-09-23,2017,Sep,2016-2017,1,,2,12.0127777777778,12.2434722222222,12.2234972993827,11.625,12.8827777777778
2017-09-24,2017,Sep,2016-2017,1,,2,12.11,12.0127777777778,12.0195071373457,11.3338888888889,12.4972222222222
2017-09-25,2017,Sep,2016-2017,1,,2,11.9161111111111,12.0127777777778,12.0098389274691,11.8188888888889,12.3038888888889
2017-09-26,2017,Sep,2016-2017,1,,2,11.8188888888889,11.8918055555556,11.858259066358,11.7222222222222,12.0127777777778
2017-09-27,2017,Sep,2016-2017,1,,2,11.7222222222222,11.7222222222222,11.7491724537037,11.5277777777778,11.9161111111111
2017-09-28,2017,Sep,2016-2017,1,,2,12.3038888888889,11.7705555555556,11.8354986496914,11.4311111111111,12.5938888888889
2017-09-29,2017,Sep,2016-2017,1,,2,11.7222222222222,11.9402777777778,12.0289920910494,11.5277777777778,13.5577777777778
2017-09-30,2017,Sep,2016-2017,1,,2,11.8188888888889,11.8188888888889,11.9453607253086,11.5277777777778,13.1727777777778
2017-10-01,2017,Oct,2017-2018,1,,2,11.1388888888889,11.6128472222222,11.6738927469136,11.0411111111111,12.4011111111111
2017-10-02,2017,Oct,2017-2018,1,,2,11.4311111111111,12.0006944444444,11.8478105709877,10.8461111111111,12.5938888888889
2017-10-03,2017,Oct,2017-2018,1,,2,11.5277777777778,11.7222222222222,11.7535011574074,11.4311111111111,12.4011111111111
2017-10-04,2017,Oct,2017-2018,1,,2,11.3338888888889,11.5277777777778,11.4742332175926,11.1388888888889,12.0127777777778
2017-10-05,2017,Oct,2017-2018,1,,2,11.4311111111111,11.3338888888889,11.3381143904321,10.9438888888889,11.625
2017-10-06,2017,Oct,2017-2018,1,,2,10.7477777777778,11.0411111111111,10.9847202932099,10.455,11.4311111111111
2017-10-07,2017,Oct,2017-2018,1,,2,10.455,10.7236111111111,10.7060522762346,10.455,11.0411111111111
2017-10-08,2017,Oct,2017-2018,1,,2,10.455,10.4794444444444,10.522962962963,10.2588888888889,10.8461111111111
2017-10-09,2017,Oct,2017-2018,1,,2,10.3572222222222,10.1611111111111,10.1999614197531,9.965,10.455
2017-10-10,2017,Oct,2017-2018,1,,2,10.1611111111111,10.1488194444444,10.1340981867284,9.965,10.3572222222222
2017-10-11,2017,Oct,2017-2018,1,,2,10.2588888888889,10.2222222222222,10.196824845679,10.0627777777778,10.3572222222222
2017-10-12,2017,Oct,2017-2018,1,,2,10.3572222222222,10.3572222222222,10.3392930169753,10.2588888888889,10.455
2017-10-13,2017,Oct,2017-2018,1,,2,10.2588888888889,10.3325694444444,10.268102816358,9.86611111111111,10.5527777777778
2017-10-14,2017,Oct,2017-2018,1,,2,10.1611111111111,10.2466666666667,10.218337191358,10.1611111111111,10.3572222222222
2017-10-15,2017,Oct,2017-2018,1,,2,10.0627777777778,10.0873611111111,10.1052864583333,10.0627777777778,10.1611111111111
2017-10-16,2017,Oct,2017-2018,1,,2,10.1611111111111,10.1611111111111,10.132259837963,10.0627777777778,10.1611111111111
2017-10-17,2017,Oct,2017-2018,1,,2,10.1611111111111,10.1611111111111,10.1821450617284,10.0627777777778,10.2588888888889
2017-10-18,2017,Oct,2017-2018,1,,2,10.0627777777778,10.1611111111111,10.155703125,10.0627777777778,10.2588888888889
2017-10-19,2017,Oct,2017-2018,1,,2,9.965,10.0627777777778,10.031712962963,9.965,10.0627777777778
2017-10-20,2017,Oct,2017-2018,1,,2,9.965,9.965,9.95945987654321,9.86611111111111,10.0627777777778
2017-10-21,2017,Oct,2017-2018,1,,2,9.76777777777778,9.76777777777778,9.765234375,9.66888888888889,9.965
2017-10-22,2017,Oct,2017-2018,1,,2,9.76777777777778,9.76777777777778,9.76709104938272,9.66888888888889,9.76777777777778
2017-10-23,2017,Oct,2017-2018,1,,2,9.66888888888889,9.70597222222222,9.71507137345679,9.66888888888889,9.76777777777778
2017-10-24,2017,Oct,2017-2018,1,,2,9.76777777777778,9.66888888888889,9.6942650462963,9.47222222222222,10.0627777777778
2017-10-25,2017,Oct,2017-2018,1,,2,9.965,9.66888888888889,9.73112750771605,9.47222222222222,10.1611111111111
2017-10-26,2017,Oct,2017-2018,1,,2,10.0627777777778,10.0627777777778,10.1008680555556,9.86611111111111,10.3572222222222
2017-10-27,2017,Oct,2017-2018,1,,2,9.47222222222222,9.95263888888889,9.91156153549383,9.47222222222222,10.0627777777778
2017-10-28,2017,Oct,2017-2018,1,,2,9.66888888888889,9.47222222222222,9.50800347222222,9.17611111111111,9.965
2017-10-29,2017,Oct,2017-2018,1,,2,9.07722222222222,9.69361111111111,9.60922164351852,9.07722222222222,9.86611111111111
2017-10-30,2017,Oct,2017-2018,1,,2,9.47222222222222,9.47222222222222,9.4041830632716,8.87888888888889,9.76777777777778
2017-10-31,2017,Oct,2017-2018,1,,2,9.76777777777778,9.47222222222222,9.50979552469136,9.275,9.76777777777778
2017-11-01,2017,Nov,2017-2018,1,,2,9.66888888888889,9.66888888888889,9.5906037808642,9.37277777777778,9.76777777777778
2017-11-02,2017,Nov,2017-2018,1,,2,9.17611111111111,8.50611111111111,8.52894965277778,6.97777777777778,9.66888888888889
2017-11-03,2017,Nov,2017-2018,1,,2,9.17611111111111,9.17611111111111,9.17748456790124,9.07722222222222,9.275
2017-11-04,2017,Nov,2017-2018,1,,2,9.17611111111111,9.12666666666667,9.12941358024691,9.07722222222222,9.17611111111111
2017-11-05,2017,Nov,2017-2018,1,,2,8.68,8.97777777777778,8.98150173611111,8.68,9.17611111111111
2017-11-06,2017,Nov,2017-2018,1,,2,8.68,8.77888888888889,8.768125,8.48111111111111,8.87888888888889
2017-11-07,2017,Nov,2017-2018,1,,2,8.58111111111111,8.68,8.59917245370371,7.78222222222222,8.77888888888889
2017-11-08,2017,Nov,2017-2018,1,,2,8.18222222222222,8.39458333333333,8.35190393518519,7.98277777777778,8.58111111111111
2017-11-09,2017,Nov,2017-2018,1,,2,7.98277777777778,8.16972222222222,8.12025366512346,7.98277777777778,8.28222222222222
2017-11-10,2017,Nov,2017-2018,1,,2,7.98277777777778,7.98277777777778,8.02145061728396,7.98277777777778,8.08222222222222
2017-11-11,2017,Nov,2017-2018,1,,2,8.08222222222222,8.08222222222222,8.09950713734568,7.88222222222222,8.18222222222222
2017-11-12,2017,Nov,2017-2018,1,,2,7.88222222222222,8.09472222222222,8.14649305555555,7.88222222222222,8.38222222222222
2017-11-13,2017,Nov,2017-2018,1,,2,8.28222222222222,8.16972222222222,8.10246527777778,7.58222222222222,8.38222222222222
2017-11-14,2017,Nov,2017-2018,1,,2,8.18222222222222,7.98277777777778,7.9950462962963,7.78222222222222,8.28222222222222
2017-11-15,2017,Nov,2017-2018,1,,2,8.38222222222222,8.28222222222222,8.25466049382716,7.88222222222222,8.48111111111111
2017-11-16,2017,Nov,2017-2018,1,,2,8.18222222222222,8.14472222222222,8.13328703703704,7.68222222222222,8.38222222222222
2017-11-17,2017,Nov,2017-2018,1,,2,8.08222222222222,8.08222222222222,8.0832600308642,7.88222222222222,8.28222222222222
2017-11-18,2017,Nov,2017-2018,1,,2,7.88222222222222,8.08222222222222,8.11926311728395,7.88222222222222,8.58111111111111
2017-11-19,2017,Nov,2017-2018,1,,2,8.28222222222222,8.58111111111111,8.44638888888889,7.88222222222222,8.77888888888889
2017-11-20,2017,Nov,2017-2018,1,,2,8.48111111111111,8.48111111111111,8.46230131172839,8.08222222222222,8.68
2017-11-21,2017,Nov,2017-2018,1,,2,8.08222222222222,8.38222222222222,8.43101658950617,8.08222222222222,8.58111111111111
2017-11-22,2017,Nov,2017-2018,1,,2,8.28222222222222,8.18222222222222,8.20409722222222,8.08222222222222,8.38222222222222
2017-11-23,2017,Nov,2017-2018,1,,2,8.481,8.481,8.45877449845679,8.33222222222222,8.58111111111111
2017-11-24,2017,Nov,2017-2018,1,,2,8.581,8.481,8.4789375,8.282,8.68
2017-11-25,2017,Nov,2017-2018,1,,2,8.581,8.581,8.53654166666667,8.282,8.68
2017-11-26,2017,Nov,2017-2018,1,,2,8.581,8.581,8.56561111111111,8.382,8.68
2017-11-27,2017,Nov,2017-2018,1,,2,8.182,8.581,8.41613715277778,8.082,8.581
2017-11-28,2017,Nov,2017-2018,1,,2,8.581,8.481,8.47068229166666,8.182,8.68
2017-11-29,2017,Nov,2017-2018,1,,2,8.382,8.581,8.56164409722222,8.382,8.779
2017-11-30,2017,Nov,2017-2018,1,,2,8.481,8.5435,8.52180729166667,8.282,8.68
2017-12-01,2017,Dec,2017-2018,1,,2,8.481,8.481,8.39875,7.882,8.581
2017-12-02,2017,Dec,2017-2018,1,,2,8.282,7.983,7.98164409722222,7.481,8.481
2017-12-03,2017,Dec,2017-2018,1,,2,7.882,7.481,7.62627777777778,7.079,8.282
2017-12-04,2017,Dec,2017-2018,1,,2,7.882,7.682,7.73238888888889,7.179,8.182
2017-12-05,2017,Dec,2017-2018,1,,2,7.983,7.983,7.993359375,7.582,8.182
2017-12-06,2017,Dec,2017-2018,1,,2,7.882,8.082,8.06503645833333,7.882,8.182
2017-12-07,2017,Dec,2017-2018,1,,2,7.079,7.28,7.46865104166667,7.079,8.182
2017-12-08,2017,Dec,2017-2018,1,,2,6.877,6.940125,6.94025347222222,6.471,7.179
2017-12-09,2017,Dec,2017-2018,1,,2,6.978,6.978,6.96660243055555,6.877,7.079
2017-12-10,2017,Dec,2017-2018,1,,2,7.179,7.25475,7.294921875,6.978,7.882
2017-12-11,2017,Dec,2017-2018,1,,2,7.481,7.481,7.42129513888889,7.079,7.682
2017-12-12,2017,Dec,2017-2018,1,,2,7.582,7.381,7.43986631944444,7.28,7.782
2017-12-13,2017,Dec,2017-2018,1,,2,7.582,7.569375,7.58359027777778,7.381,7.983
2017-12-14,2017,Dec,2017-2018,1,,2,7.481,7.381,7.437515625,7.28,7.782
2017-12-15,2017,Dec,2017-2018,1,,2,7.582,7.381,7.41269270833333,7.28,7.782
2017-12-16,2017,Dec,2017-2018,1,,2,7.582,7.582,7.58017361111111,7.28,8.082
2017-12-17,2017,Dec,2017-2018,1,,2,8.182,8.082,8.02417361111111,7.481,8.182
2017-12-18,2017,Dec,2017-2018,1,,2,8.282,8.182,8.15276388888889,7.682,8.382
2017-12-19,2017,Dec,2017-2018,1,,2,7.381,8.3195,8.01784201388889,7.179,8.382
2017-12-20,2017,Dec,2017-2018,1,,2,7.582,7.481,7.46760243055556,7.28,7.682
2017-12-21,2017,Dec,2017-2018,1,,2,7.28,7.481,7.48023958333333,6.978,7.782
2017-12-22,2017,Dec,2017-2018,1,,2,6.775,6.889375,6.92742534722222,6.471,7.381
2017-12-23,2017,Dec,2017-2018,1,,2,6.978,6.978,7.02168923611111,6.775,7.582
2017-12-24,2017,Dec,2017-2018,1,,2,6.471,6.6235,6.619921875,6.166,6.978
2017-12-25,2017,Dec,2017-2018,1,,2,6.471,6.53475,6.54572222222222,5.962,7.079
2017-12-26,2017,Dec,2017-2018,1,,2,6.877,6.674,6.70639930555556,6.37,6.978
2017-12-27,2017,Dec,2017-2018,1,,2,6.166,6.83875,6.790421875,6.166,7.179
2017-12-28,2017,Dec,2017-2018,1,,2,5.86,6.534875,6.56344097222222,5.86,7.179
2017-12-29,2017,Dec,2017-2018,1,,2,6.064,5.936375,5.96271527777778,5.552,6.268
2017-12-30,2017,Dec,2017-2018,1,,2,7.079,6.978,6.82361979166667,5.962,7.28
2017-12-31,2017,Dec,2017-2018,1,,2,7.582,7.28,7.26015451388889,6.674,7.582
2018-01-01,2018,Jan,2017-2018,1,,2,7.582,7.582,7.57611805555556,7.381,7.682
2018-01-02,2018,Jan,2017-2018,1,,2,7.582,7.682,7.64586805555555,7.481,7.682
2018-01-03,2018,Jan,2017-2018,1,,2,7.682,7.682,7.66581944444444,7.481,7.682
2018-01-04,2018,Jan,2017-2018,1,,2,7.682,7.682,7.67227777777778,7.582,7.682
2018-01-05,2018,Jan,2017-2018,1,,2,7.582,7.682,7.6536875,7.481,7.682
2018-01-06,2018,Jan,2017-2018,1,,2,7.381,7.582,7.59821006944444,7.381,7.782
2018-01-07,2018,Jan,2017-2018,1,,2,7.582,7.582,7.55707465277778,7.381,7.682
2018-01-08,2018,Jan,2017-2018,1,,2,7.682,7.582,7.62684722222222,7.481,7.782
2018-01-09,2018,Jan,2017-2018,1,,2,7.782,7.782,7.74571527777778,7.682,7.782
2018-01-10,2018,Jan,2017-2018,1,,2,7.582,7.682,7.64756944444444,7.481,7.782
2018-01-11,2018,Jan,2017-2018,1,,2,7.28,7.179,7.26007291666667,6.775,7.682
2018-01-12,2018,Jan,2017-2018,1,,2,7.582,7.30525,7.31715625,6.978,7.682
2018-01-13,2018,Jan,2017-2018,1,,2,7.682,7.582,7.58148611111111,7.179,7.782
2018-01-14,2018,Jan,2017-2018,1,,2,7.582,7.682,7.66203472222222,7.582,7.782
2018-01-15,2018,Jan,2017-2018,1,,2,7.582,7.5945,7.62227777777778,7.582,7.682
2018-01-16,2018,Jan,2017-2018,1,,2,7.481,7.582,7.57723090277778,7.481,7.682
2018-01-17,2018,Jan,2017-2018,1,,2,7.481,7.481,7.48113194444444,7.381,7.682
2018-01-18,2018,Jan,2017-2018,1,,2,7.481,7.481,7.47197222222222,7.381,7.481
2018-01-19,2018,Jan,2017-2018,1,,2,7.582,7.582,7.57251909722222,7.481,7.682
2018-01-20,2018,Jan,2017-2018,1,,2,7.481,7.682,7.66543923611111,7.481,7.983
2018-01-21,2018,Jan,2017-2018,1,,2,7.882,7.882,7.81625520833334,7.381,7.983
2018-01-22,2018,Jan,2017-2018,1,,2,7.782,7.95775,7.93831944444445,7.782,7.983
2018-01-23,2018,Jan,2017-2018,1,,2,7.682,7.582,7.64995833333333,7.179,7.983
2018-01-24,2018,Jan,2017-2018,1,,2,7.882,7.882,7.90081944444445,7.732,7.983
2018-01-25,2018,Jan,2017-2018,1,,2,7.882,7.983,7.90336111111111,7.682,7.983
2018-01-26,2018,Jan,2017-2018,1,,2,7.782,7.882,7.8949375,7.782,7.983
2018-01-27,2018,Jan,2017-2018,1,,2,7.782,7.882,7.85318055555556,7.28,7.983
2018-01-28,2018,Jan,2017-2018,1,,2,7.28,7.079,7.21567013888889,6.877,7.782
2018-01-29,2018,Jan,2017-2018,1,,2,7.582,7.682,7.67028819444444,7.3305,7.882
2018-01-30,2018,Jan,2017-2018,1,,2,7.782,7.782,7.78720833333333,7.582,7.882
2018-01-31,2018,Jan,2017-2018,1,,2,7.582,7.582,7.58397916666667,7.179,7.782
2018-02-01,2018,Feb,2017-2018,1,,2,7.582,7.481,7.47639583333333,7.28,7.682
2018-02-02,2018,Feb,2017-2018,1,,2,7.782,7.682,7.67607638888889,7.481,7.782
2018-02-03,2018,Feb,2017-2018,1,,2,7.682,7.782,7.73911805555555,7.582,7.782
2018-02-04,2018,Feb,2017-2018,1,,2,7.782,7.682,7.70196527777778,7.582,7.782
2018-02-05,2018,Feb,2017-2018,1,,2,7.582,7.682,7.66498611111111,7.582,7.782
2018-02-06,2018,Feb,2017-2018,1,,2,7.582,7.582,7.5826875,7.481,7.682
2018-02-07,2018,Feb,2017-2018,1,,2,7.682,7.582,7.58177083333333,7.481,7.682
2018-02-08,2018,Feb,2017-2018,1,,2,7.682,7.682,7.67088888888889,7.582,7.682
2018-02-09,2018,Feb,2017-2018,1,,2,7.582,7.6695,7.64119444444444,7.481,7.682
2018-02-10,2018,Feb,2017-2018,1,,2,7.481,7.481,7.48268229166666,7.28,7.582
2018-02-11,2018,Feb,2017-2018,1,,2,7.381,7.381,7.35161111111111,7.28,7.481
2018-02-12,2018,Feb,2017-2018,1,,2,7.381,7.381,7.34171527777778,7.28,7.481
2018-02-13,2018,Feb,2017-2018,1,,2,6.978,7.28,7.21858854166667,6.978,7.381
2018-02-14,2018,Feb,2017-2018,1,,2,7.079,6.978,6.95888715277778,6.877,7.079
2018-02-15,2018,Feb,2017-2018,1,,2,7.079,7.0285,7.02913194444444,6.877,7.179
2018-02-16,2018,Feb,2017-2018,1,,2,7.179,7.179,7.19372222222222,6.978,7.28
2018-02-17,2018,Feb,2017-2018,1,,2,6.166,7.066375,6.92558506944445,6.064,7.28
2018-02-18,2018,Feb,2017-2018,1,,2,6.471,6.471,6.42044270833333,5.86,6.775
2018-02-19,2018,Feb,2017-2018,1,,2,7.28,6.978,6.97214409722222,6.522,7.28
2018-02-20,2018,Feb,2017-2018,1,,2,7.179,7.179,7.09796006944444,6.573,7.28
2018-02-21,2018,Feb,2017-2018,1,,2,7.179,7.1665,7.03325694444444,6.166,7.28
2018-02-22,2018,Feb,2017-2018,1,,2,7.179,7.179,7.19515972222222,7.079,7.28
2018-02-23,2018,Feb,2017-2018,1,,2,6.775,7.129,7.04395138888889,6.775,7.179
2018-02-24,2018,Feb,2017-2018,1,,2,6.877,6.978,7.00795486111111,6.775,7.079
2018-02-25,2018,Feb,2017-2018,1,,2,6.877,6.978,6.94713194444444,6.775,6.978
2018-02-26,2018,Feb,2017-2018,1,,2,6.978,6.9275,6.92872743055556,6.877,6.978
2018-02-27,2018,Feb,2017-2018,1,,2,7.079,7.079,7.03461631944444,6.775,7.179
2018-02-28,2018,Feb,2017-2018,1,,2,6.877,6.877,6.94678819444444,6.877,7.079
2018-03-01,2018,Mar,2017-2018,1,,2,7.079,6.978,6.96845486111111,6.775,7.179
2018-03-02,2018,Mar,2017-2018,1,,2,6.877,6.978,6.95917708333333,6.674,7.179
2018-03-03,2018,Mar,2017-2018,1,,2,6.877,6.877,6.89428472222222,6.674,7.179
2018-03-04,2018,Mar,2017-2018,1,,2,6.877,6.775,6.78303472222222,6.674,6.877
2018-03-05,2018,Mar,2017-2018,1,,2,6.775,6.674,6.70716319444445,6.573,6.877
2018-03-06,2018,Mar,2017-2018,1,,2,6.674,6.674,6.70363368055556,6.573,6.775
2018-03-07,2018,Mar,2017-2018,1,,2,6.775,6.674,6.69065798611111,6.573,6.775
2018-03-08,2018,Mar,2017-2018,1,,2,6.775,6.775,6.79556944444445,6.674,6.877
2018-03-09,2018,Mar,2017-2018,1,,2,6.775,6.877,6.83520138888889,6.775,6.978
2018-03-10,2018,Mar,2017-2018,1,,2,6.978,6.877,6.86098784722222,6.775,6.978
2018-03-11,2018,Mar,2017-2018,1,,2,7.079,6.877,6.90203298611111,6.775,7.079
2018-03-12,2018,Mar,2017-2018,1,,2,6.978,6.877,6.92136284722222,6.877,7.079
2018-03-13,2018,Mar,2017-2018,1,,2,6.978,7.066375,7.03129861111111,6.978,7.179
2018-03-14,2018,Mar,2017-2018,1,,2,7.079,6.978,7.00237326388889,6.978,7.079
2018-03-15,2018,Mar,2017-2018,1,,2,6.978,6.978,6.96625173611111,6.877,7.079
2018-03-16,2018,Mar,2017-2018,1,,2,6.978,6.978,6.98781944444444,6.978,7.079
2018-03-17,2018,Mar,2017-2018,1,,2,6.978,6.978,7.03886805555556,6.978,7.381
2018-03-18,2018,Mar,2017-2018,1,,2,7.079,7.079,7.05764409722222,6.978,7.28
2018-03-19,2018,Mar,2017-2018,1,,2,7.079,7.079,7.08231944444444,6.978,7.179
2018-03-20,2018,Mar,2017-2018,1,,2,6.978,7.179,7.15496006944444,6.978,7.28
2018-03-21,2018,Mar,2017-2018,1,,2,6.978,7.0285,7.06543055555556,6.978,7.381
2018-03-22,2018,Mar,2017-2018,1,,2,6.978,7.079,7.09844444444444,6.978,7.381
2018-03-23,2018,Mar,2017-2018,1,,2,7.079,7.079,7.06549131944444,6.877,7.179
2018-03-24,2018,Mar,2017-2018,1,,2,7.079,7.079,7.07969444444444,7.079,7.179
2018-03-25,2018,Mar,2017-2018,1,,2,7.079,7.079,7.07829861111111,6.978,7.079
2018-03-26,2018,Mar,2017-2018,1,,2,6.978,7.079,6.97582118055556,6.674,7.079
2018-03-27,2018,Mar,2017-2018,1,,2,7.079,7.079,7.07038715277778,6.978,7.179
2018-03-28,2018,Mar,2017-2018,1,,2,7.28,7.179,7.24386631944444,7.079,7.882
2018-03-29,2018,Mar,2017-2018,1,,2,7.381,7.368375,7.34224826388889,7.28,7.381
2018-03-30,2018,Mar,2017-2018,1,,2,7.28,7.28,7.29911284722222,7.28,7.381
2018-03-31,2018,Mar,2017-2018,1,,2,7.381,7.381,7.36956076388889,7.28,7.481
2018-04-01,2018,Apr,2017-2018,1,,2,7.481,7.381,7.42324305555556,7.28,7.682
2018-04-02,2018,Apr,2017-2018,1,,2,7.381,7.481,7.43742361111111,7.381,7.481
2018-04-03,2018,Apr,2017-2018,1,,2,7.481,7.3935,7.42040972222222,7.381,7.481
2018-04-04,2018,Apr,2017-2018,1,,2,7.381,7.431,7.42978472222222,7.381,7.481
2018-04-05,2018,Apr,2017-2018,1,,2,7.582,7.582,7.57509548611111,7.381,7.882
2018-04-06,2018,Apr,2017-2018,1,,2,7.782,7.782,7.77824305555555,7.582,7.983
2018-04-07,2018,Apr,2017-2018,1,,2,7.782,7.882,7.85845833333333,7.782,8.082
2018-04-08,2018,Apr,2017-2018,1,,2,7.882,7.782,7.7915625,7.682,8.282
2018-04-09,2018,Apr,2017-2018,1,,2,7.682,7.782,7.80252777777778,7.682,8.282
2018-04-10,2018,Apr,2017-2018,1,,2,7.882,7.90725,7.85430555555555,7.582,8.282
2018-04-11,2018,Apr,2017-2018,1,,2,7.582,7.732,7.7221875,7.582,8.082
2018-04-12,2018,Apr,2017-2018,1,,2,7.582,7.582,7.62084027777777,7.481,8.182
2018-04-13,2018,Apr,2017-2018,1,,2,7.682,7.7695,7.74919444444444,7.582,7.983
2018-04-14,2018,Apr,2017-2018,1,,2,7.782,7.707,7.76381944444444,7.582,7.983
2018-04-15,2018,Apr,2017-2018,1,,2,7.782,7.682,7.72575,7.682,7.882
2018-04-16,2018,Apr,2017-2018,1,,2,7.983,7.882,7.88181770833334,7.782,8.182
2018-04-17,2018,Apr,2017-2018,1,,2,8.082,7.919875,7.95646006944444,7.882,8.082
2018-04-18,2018,Apr,2017-2018,1,,2,8.082,8.1195,8.08711805555556,7.882,8.282
2018-04-19,2018,Apr,2017-2018,1,,2,7.882,8.082,8.03597222222222,7.882,8.182
2018-04-20,2018,Apr,2017-2018,1,,2,8.182,8.0945,8.11015972222222,7.882,8.282
2018-04-21,2018,Apr,2017-2018,1,,2,7.983,7.983,7.99509548611111,7.882,8.182
2018-04-22,2018,Apr,2017-2018,1,,2,8.082,8.182,8.21292534722222,7.882,8.68
2018-04-23,2018,Apr,2017-2018,1,,2,8.182,8.082,8.06143055555555,7.983,8.282
2018-04-24,2018,Apr,2017-2018,1,,2,8.481,8.779,8.69608506944444,8.082,10.161
2018-04-25,2018,Apr,2017-2018,1,,2,9.866,9.57075,9.60426909722222,8.481,11.528
2018-04-26,2018,Apr,2017-2018,1,,2,9.077,9.6695,9.76352256944444,8.68,11.236
2018-04-27,2018,Apr,2017-2018,1,,2,8.879,9.29925,9.47608680555556,8.779,10.846
2018-04-28,2018,Apr,2017-2018,1,,2,8.68,8.879,8.93641493055556,8.481,9.965
2018-04-29,2018,Apr,2017-2018,1,,2,8.779,8.68,8.74811284722222,8.382,9.176
2018-04-30,2018,Apr,2017-2018,1,,2,9.077,8.581,8.68021180555556,8.382,9.176
2018-05-01,2018,May,2017-2018,1,,2,8.779,8.642875,8.77669791666667,8.282,9.669
2018-05-02,2018,May,2017-2018,1,,2,8.779,8.68,8.85313194444444,8.382,9.866
2018-05-03,2018,May,2017-2018,1,,2,8.68,8.779,8.90500520833333,8.382,9.965
2018-05-04,2018,May,2017-2018,1,,2,8.481,8.879,8.97136631944444,8.382,9.866
2018-05-05,2018,May,2017-2018,1,,2,8.581,8.916125,9.00038888888889,8.382,10.063
2018-05-06,2018,May,2017-2018,1,,2,9.965,9.44725,9.37888888888889,8.581,10.944
2018-05-07,2018,May,2017-2018,1,,2,10.651,10.32025,10.3497326388889,8.879,11.431
2018-05-08,2018,May,2017-2018,1,,2,10.063,11.199875,11.1562083333333,9.176,12.401
2018-05-09,2018,May,2017-2018,1,,2,11.528,10.03825,10.2735746527778,9.373,11.916
2018-05-10,2018,May,2017-2018,1,,2,9.965,9.9895,10.0849565972222,9.571,11.4795
2018-05-11,2018,May,2017-2018,1,,2,10.455,10.19775,10.25859375,9.669,11.139
2018-05-12,2018,May,2017-2018,1,,2,10.748,10.357,10.3573107638889,9.669,11.722
2018-05-13,2018,May,2017-2018,1,,2,9.472,11.321625,11.2532152777778,9.472,13.654
2018-05-14,2018,May,2017-2018,1,,2,9.965,11.430625,11.292359375,9.472,13.461
2018-05-15,2018,May,2017-2018,1,,2,10.553,10.785,11.3419861111111,9.866,14.517
2018-05-16,2018,May,2017-2018,1,,2,11.236,10.308,10.7599461805556,9.373,13.654
2018-05-17,2018,May,2017-2018,1,,2,10.357,9.866,10.229796875,9.176,12.883
2018-05-18,2018,May,2017-2018,1,,2,9.176,9.62,9.81868923611111,9.077,12.013
2018-05-19,2018,May,2017-2018,1,,2,11.431,9.841125,9.83218229166667,9.2255,11.431
2018-05-20,2018,May,2017-2018,1,,2,9.571,9.878375,9.93498611111111,9.373,11.236
2018-05-21,2018,May,2017-2018,1,,2,10.063,10.259,10.3179166666667,9.472,11.334
2018-05-22,2018,May,2017-2018,1,,2,11.041,10.34475,10.3755520833333,9.866,11.139
2018-05-23,2018,May,2017-2018,1,,2,10.846,10.846125,11.1025954861111,10.357,12.497
2018-05-24,2018,May,2017-2018,1,,2,11.139,11.297125,11.3431024305556,10.259,12.69
2018-05-25,2018,May,2017-2018,1,,2,10.846,10.8215,11.0714461805556,9.571,12.883
2018-05-26,2018,May,2017-2018,1,,2,11.041,10.980375,11.030640625,10.357,11.625
2018-05-27,2018,May,2017-2018,1,,2,10.553,11.053375,10.9721388888889,10.455,11.528
2018-05-28,2018,May,2017-2018,1,,2,10.063,10.455,10.4517465277778,9.965,10.846
2018-05-29,2018,May,2017-2018,1,,2,10.161,10.357,10.3152673611111,10.063,11.041
2018-05-30,2018,May,2017-2018,1,,2,11.139,10.956,10.9297395833333,9.965,12.594
2018-05-31,2018,May,2017-2018,1,,2,11.139,11.041,11.1299861111111,10.161,12.497
2018-06-01,2018,Jun,2017-2018,1,,2,10.748,11.004625,11.216671875,10.161,12.304
2018-06-02,2018,Jun,2017-2018,1,,2,10.748,10.83375,10.8777569444444,10.357,11.625
2018-06-03,2018,Jun,2017-2018,1,,2,10.846,10.67525,10.7590659722222,10.455,11.431
2018-06-04,2018,Jun,2017-2018,1,,2,11.431,10.96825,11.0183663194444,10.651,11.625
2018-06-05,2018,Jun,2017-2018,1,,2,11.528,11.285,11.3206927083333,10.651,12.11
2018-06-06,2018,Jun,2017-2018,1,,2,10.455,10.944,10.8497864583333,10.357,11.431
2018-06-07,2018,Jun,2017-2018,1,,2,10.651,11.236,11.0548888888889,10.357,11.431
2018-06-08,2018,Jun,2017-2018,1,,2,11.041,11.151125,11.1776840277778,10.651,11.722
2018-06-09,2018,Jun,2017-2018,1,,2,11.236,11.3215,11.4994114583333,10.944,12.883
2018-06-10,2018,Jun,2017-2018,1,,2,11.139,11.443125,11.7633559027778,10.944,13.269
2018-06-11,2018,Jun,2017-2018,1,,2,11.139,11.334,11.5942430555556,10.944,13.75
2018-06-12,2018,Jun,2017-2018,1,,2,11.236,11.29725,11.5926163194444,11.041,13.75
2018-06-13,2018,Jun,2017-2018,1,,2,11.625,11.625,11.7090399305556,11.139,12.69
2018-06-14,2018,Jun,2017-2018,1,,2,11.334,11.443125,11.4521857638889,10.944,11.916
2018-06-15,2018,Jun,2017-2018,1,,2,11.431,11.50375,11.5633246527778,11.041,12.304
2018-06-16,2018,Jun,2017-2018,1,,2,11.528,11.782625,12.0573177083333,10.944,13.461
2018-06-17,2018,Jun,2017-2018,1,,2,11.819,11.45525,11.9088559027778,10.846,14.709
2018-06-18,2018,Jun,2017-2018,1,,2,12.207,11.406625,11.5278194444444,10.748,13.558
2018-06-19,2018,Jun,2017-2018,1,,2,12.11,11.370375,11.5904184027778,10.748,13.461
2018-06-20,2018,Jun,2017-2018,1,,2,11.722,11.588625,11.7777638888889,11.041,14.325
2018-06-21,2018,Jun,2017-2018,1,,2,11.334,11.528,11.4818125,10.944,12.401
2018-06-22,2018,Jun,2017-2018,1,,2,11.528,11.491625,11.4563923611111,10.651,13.173
2018-06-23,2018,Jun,2017-2018,1,,2,11.139,11.4795,11.5378628472222,10.944,12.207
2018-06-24,2018,Jun,2017-2018,1,,2,11.236,11.431,11.453296875,10.944,12.594
2018-06-25,2018,Jun,2017-2018,1,,2,11.236,11.236,11.2718611111111,10.748,12.883
2018-06-26,2018,Jun,2017-2018,1,,2,11.236,11.5765,11.5889236111111,11.041,12.69
2018-06-27,2018,Jun,2017-2018,1,,2,11.722,11.431,11.5361840277778,11.041,12.98
2018-06-28,2018,Jun,2017-2018,1,,2,11.625,12.2555,12.4096128472222,10.846,14.134
2018-06-29,2018,Jun,2017-2018,1,,2,11.625,11.661375,11.7198194444444,11.041,13.076
2018-06-30,2018,Jun,2017-2018,1,,2,11.722,11.819,11.8188315972222,11.528,12.304
2018-07-01,2018,Jul,2017-2018,1,,2,11.722,11.734125,11.7980833333333,11.528,12.883
2018-07-02,2018,Jul,2017-2018,1,,2,13.75,11.831125,11.9999652777778,11.334,14.325
2018-07-03,2018,Jul,2017-2018,1,,2,13.846,11.74625,11.9665902777778,10.944,14.325
2018-07-04,2018,Jul,2017-2018,1,,2,13.654,11.564375,11.7572430555556,10.846,14.325
2018-07-05,2018,Jul,2017-2018,1,,2,12.883,12.2555,12.3262482638889,11.041,14.134
2018-07-06,2018,Jul,2017-2018,1,,2,12.98,12.412625,12.408671875,11.334,14.038
2018-07-07,2018,Jul,2017-2018,1,,2,12.69,12.581625,12.5156076388889,11.431,13.558
2018-07-08,2018,Jul,2017-2018,1,,2,11.625,12.811,12.7046059027778,11.139,14.421
2018-07-09,2018,Jul,2017-2018,1,,2,11.722,11.819,12.0629774305556,11.041,14.134
2018-07-10,2018,Jul,2017-2018,1,,2,11.139,12.025125,11.9827413194444,11.139,13.173
2018-07-11,2018,Jul,2017-2018,1,,2,11.041,11.722,11.7665173611111,11.041,13.076
2018-07-12,2018,Jul,2017-2018,1,,2,11.139,11.7705,11.8029826388889,10.944,13.365
2018-07-13,2018,Jul,2017-2018,1,,2,11.041,11.45525,11.5523993055556,10.357,14.038
2018-07-14,2018,Jul,2017-2018,1,,2,10.748,11.07775,11.2574600694444,9.965,14.9
2018-07-15,2018,Jul,2017-2018,1,,2,10.748,10.455,10.5803333333333,9.768,12.883
2018-07-16,2018,Jul,2017-2018,1,,2,11.528,10.32025,10.59675,9.866,12.69
2018-07-17,2018,Jul,2017-2018,1,,2,13.461,10.406,10.7594496527778,9.571,14.517
2018-07-18,2018,Jul,2017-2018,1,,2,12.98,10.4795,10.7753975694444,9.768,14.038
2018-07-19,2018,Jul,2017-2018,1,,2,10.259,10.357,10.617140625,9.768,12.787
2018-07-20,2018,Jul,2017-2018,1,,2,11.041,10.760375,10.9187118055556,9.965,13.365
2018-07-21,2018,Jul,2017-2018,1,,2,10.161,10.44275,10.73425,9.768,12.883
2018-07-22,2018,Jul,2017-2018,1,,2,10.259,10.6385,10.6913159722222,9.571,14.421
2018-07-23,2018,Jul,2017-2018,1,,2,10.063,10.46725,10.4497013888889,9.866,11.139
2018-07-24,2018,Jul,2017-2018,1,,2,10.161,10.161,10.2779479166667,9.866,12.883
2018-07-25,2018,Jul,2017-2018,1,,2,9.768,10.39375,10.4482170138889,9.669,14.517
2018-07-26,2018,Jul,2017-2018,1,,2,10.161,10.406,10.410734375,9.669,12.207
2018-07-27,2018,Jul,2017-2018,1,,2,9.866,10.063,10.1047274305556,9.669,10.944
2018-07-28,2018,Jul,2017-2018,1,,2,10.259,10.161,10.1837621527778,9.571,11.722
2018-07-29,2018,Jul,2017-2018,1,,2,11.236,10.3815,10.4241302083333,9.768,12.401
2018-07-30,2018,Jul,2017-2018,1,,2,11.625,10.711625,10.8848802083333,10.161,12.594
2018-07-31,2018,Jul,2017-2018,1,,2,11.431,11.64925,11.6168645833333,9.965,14.709
2018-08-01,2018,Aug,2017-2018,1,,2,11.139,10.797,10.8054930555556,9.965,11.625
2018-08-02,2018,Aug,2017-2018,1,,2,11.139,10.797,10.9222222222222,10.357,13.269
2018-08-03,2018,Aug,2017-2018,1,,2,11.722,10.9925,11.0964947916667,10.553,12.401
2018-08-04,2018,Aug,2017-2018,1,,2,11.431,11.139,11.0848246527778,10.357,11.916
2018-08-05,2018,Aug,2017-2018,1,,2,11.334,11.734125,11.8455572916667,11.041,13.75
2018-08-06,2018,Aug,2017-2018,1,,2,12.401,12.581625,12.9448697916667,11.334,14.517
2018-08-07,2018,Aug,2017-2018,1,,2,11.528,12.61775,12.7532447916667,11.334,15.187
2018-08-08,2018,Aug,2017-2018,1,,2,11.139,11.928125,12.0586753472222,11.139,13.846
2018-08-09,2018,Aug,2017-2018,1,,2,11.334,11.855375,11.8674114583333,10.944,15.091
2018-08-10,2018,Aug,2017-2018,1,,2,11.528,11.7705,11.9839826388889,11.139,14.517
2018-08-11,2018,Aug,2017-2018,1,,2,10.357,11.5765,11.8419288194444,10.357,15.091
2018-08-12,2018,Aug,2017-2018,1,,2,10.357,10.79725,10.8539583333333,10.063,13.654
2018-08-13,2018,Aug,2017-2018,1,,2,11.625,10.602,10.9105347222222,10.063,12.787
2018-08-14,2018,Aug,2017-2018,1,,2,12.304,11.016875,11.2921336805556,10.259,13.942
2018-08-15,2018,Aug,2017-2018,1,,2,14.325,11.49125,11.7603802083333,10.259,14.421
2018-08-16,2018,Aug,2017-2018,1,,2,11.916,11.041,11.537703125,10.161,14.325
2018-08-17,2018,Aug,2017-2018,1,,2,11.236,11.45475,11.5679375,10.063,14.325
2018-08-18,2018,Aug,2017-2018,1,,2,11.139,11.139,11.8406961805556,10.357,15.091
2018-08-19,2018,Aug,2017-2018,1,,2,11.139,12.037125,12.2386527777778,10.161,15.76
2018-08-20,2018,Aug,2017-2018,1,,2,12.013,11.928,12.1366979166667,10.651,14.996
2018-08-21,2018,Aug,2017-2018,1,,2,11.916,13.01575,13.1685711805556,11.334,16.046
2018-08-22,2018,Aug,2017-2018,1,,2,11.431,11.98875,12.4796128472222,11.041,15.378
2018-08-23,2018,Aug,2017-2018,1,,2,10.846,11.637125,11.9666684027778,10.846,14.804
2018-08-24,2018,Aug,2017-2018,1,,2,10.651,11.21175,11.5002552083333,10.651,14.325
2018-08-25,2018,Aug,2017-2018,1,,2,11.041,10.9925,11.1430381944444,10.553,14.613
2018-08-26,2018,Aug,2017-2018,1,,2,11.041,11.187625,11.2014791666667,10.553,11.819
2018-08-27,2018,Aug,2017-2018,1,,2,11.041,11.27275,11.2942361111111,10.944,11.916
2018-08-28,2018,Aug,2017-2018,1,,2,12.207,11.041,11.24196875,10.651,13.365
2018-08-29,2018,Aug,2017-2018,1,,2,11.431,10.943625,10.9989027777778,10.161,13.076
2018-08-30,2018,Aug,2017-2018,1,,2,11.139,10.895,10.9584652777778,10.259,12.787
2018-08-31,2018,Aug,2017-2018,1,,2,10.748,10.602,10.7235954861111,10.259,11.625
2018-09-01,2018,Sep,2017-2018,1,,2,10.846,10.748,10.7026840277778,10.357,11.041
2018-09-02,2018,Sep,2017-2018,1,,2,10.944,10.85825,10.8966493055556,10.553,11.819
2018-09-03,2018,Sep,2017-2018,1,,2,11.236,11.139,11.1117777777778,10.651,11.722
2018-09-04,2018,Sep,2017-2018,1,,2,11.041,11.1875,11.202609375,10.846,12.013
2018-09-05,2018,Sep,2017-2018,1,,2,11.139,11.855375,11.9318020833333,10.748,13.558
2018-09-06,2018,Sep,2017-2018,1,,2,11.431,12.388375,12.5201527777778,10.846,14.421
2018-09-07,2018,Sep,2017-2018,1,,2,12.207,12.025125,12.1972916666667,11.236,13.846
2018-09-08,2018,Sep,2017-2018,1,,2,12.11,12.267625,12.3089809027778,11.819,13.846
2018-09-09,2018,Sep,2017-2018,1,,2,12.207,12.23125,12.4572274305556,11.819,13.365
2018-09-10,2018,Sep,2017-2018,1,,2,11.625,12.194875,12.2693645833333,11.431,13.076
2018-09-11,2018,Sep,2017-2018,1,,2,11.528,11.819,11.8433142361111,11.431,13.076
2018-09-12,2018,Sep,2017-2018,1,,2,12.304,11.722,11.8847638888889,11.528,12.98
2018-09-13,2018,Sep,2017-2018,1,,2,12.787,12.2555,12.3792795138889,11.722,13.75
2018-09-14,2018,Sep,2017-2018,1,,2,13.654,12.4245,12.5478350694444,11.431,13.654
2018-09-15,2018,Sep,2017-2018,1,,2,13.558,13.16,12.9623888888889,11.722,13.654
2018-09-16,2018,Sep,2017-2018,1,,2,13.269,13.1245,13.0275225694444,12.013,13.558
2018-09-17,2018,Sep,2017-2018,1,,2,12.98,13.14875,13.0270434027778,12.11,13.365
2018-09-18,2018,Sep,2017-2018,1,,2,12.497,13.100375,12.996546875,12.013,13.461
2018-09-19,2018,Sep,2017-2018,1,,2,12.207,12.581875,12.5780034722222,12.11,13.173
2018-09-20,2018,Sep,2017-2018,1,,2,12.11,12.304,12.2394670138889,11.916,12.497
2018-09-21,2018,Sep,2017-2018,1,,2,12.013,12.13425,12.1142100694444,11.625,12.304
2018-09-22,2018,Sep,2017-2018,1,,2,12.013,12.11,12.0810347222222,11.625,12.207
2018-09-23,2018,Sep,2017-2018,1,,2,12.11,12.11,12.0882760416667,11.819,12.207
2018-09-24,2018,Sep,2017-2018,1,,2,11.916,11.94025,11.9378923611111,11.431,12.11
2018-09-25,2018,Sep,2017-2018,1,,2,11.528,11.903875,11.8425555555556,11.139,12.11
2018-09-26,2018,Sep,2017-2018,1,,2,11.528,11.625,11.5892291666667,11.041,11.916
2018-09-27,2018,Sep,2017-2018,1,,2,11.528,11.236,11.3043819444444,10.944,12.11
2018-09-28,2018,Sep,2017-2018,1,,2,10.944,11.041125,11.1136666666667,10.553,11.819
2018-09-29,2018,Sep,2017-2018,1,,2,11.722,11.26075,11.2625590277778,10.357,12.013
2018-09-30,2018,Sep,2017-2018,1,,2,11.041,11.12675,11.1608420138889,10.944,11.722
2018-10-01,2018,Oct,2018-2019,1,,2,10.944,10.944,10.9364114583333,10.748,11.334
2018-10-02,2018,Oct,2018-2019,1,,2,10.651,10.748,10.7264878472222,10.357,11.041
2018-10-03,2018,Oct,2018-2019,1,,2,10.357,10.553,10.5336701388889,10.259,10.748
2018-10-04,2018,Oct,2018-2019,1,,2,10.259,10.357,10.3673645833333,10.161,10.748
2018-10-05,2018,Oct,2018-2019,1,,2,10.259,10.3325,10.3379375,10.063,10.748
2018-10-06,2018,Oct,2018-2019,1,,2,10.259,10.259,10.2351805555556,10.161,10.357
2018-10-07,2018,Oct,2018-2019,1,,2,10.161,10.161,10.1965590277778,10.063,10.357
2018-10-08,2018,Oct,2018-2019,1,,2,9.866,10.161,10.0995399305556,9.866,10.357
2018-10-09,2018,Oct,2018-2019,1,,2,10.063,9.965,9.99508854166667,9.866,10.161
2018-10-10,2018,Oct,2018-2019,1,,2,10.063,10.0385,10.0172569444444,9.866,10.259
2018-10-11,2018,Oct,2018-2019,1,,2,9.965,9.952625,9.92591319444445,9.768,10.063
2018-10-12,2018,Oct,2018-2019,1,,2,9.866,9.866,9.87663020833333,9.768,10.063
2018-10-13,2018,Oct,2018-2019,1,,2,9.866,9.866,9.89491666666667,9.768,10.063
2018-10-14,2018,Oct,2018-2019,1,,2,9.866,9.965,9.95175,9.768,10.063
2018-10-15,2018,Oct,2018-2019,1,,2,10.063,10.063,10.0714635416667,9.866,10.455
2018-10-16,2018,Oct,2018-2019,1,,2,10.161,10.161,10.1220381944444,9.965,10.259
2018-10-17,2018,Oct,2018-2019,1,,2,10.161,10.161,10.1473888888889,10.063,10.357
2018-10-18,2018,Oct,2018-2019,1,,2,10.161,10.161,10.1698472222222,10.063,10.357
2018-10-19,2018,Oct,2018-2019,1,,2,10.259,10.161,10.1465381944444,9.965,10.259
2018-10-20,2018,Oct,2018-2019,1,,2,10.161,10.161,10.18090625,10.063,10.553
2018-10-21,2018,Oct,2018-2019,1,,2,10.063,10.161,10.2081284722222,10.063,10.357
2018-10-22,2018,Oct,2018-2019,1,,2,10.161,10.161,10.1567465277778,9.965,10.357
2018-10-23,2018,Oct,2018-2019,1,,2,9.965,10.063,10.0844375,9.965,10.161
2018-10-24,2018,Oct,2018-2019,1,,2,9.965,9.9895,9.99902777777778,9.965,10.063
2018-10-25,2018,Oct,2018-2019,1,,2,9.866,9.965,9.92799826388889,9.866,10.063
2018-10-26,2018,Oct,2018-2019,1,,2,9.768,9.866,9.84985069444444,9.768,9.965
2018-10-27,2018,Oct,2018-2019,1,,2,9.768,9.768,9.78703472222222,9.669,9.866
2018-10-28,2018,Oct,2018-2019,1,,2,9.768,9.768,9.76868055555556,9.768,9.866
2018-10-29,2018,Oct,2018-2019,1,,2,9.669,9.7185,9.717984375,9.669,9.768
2018-10-30,2018,Oct,2018-2019,1,,2,9.669,9.669,9.69170833333334,9.571,9.768
2018-10-31,2018,Oct,2018-2019,1,,2,9.669,9.669,9.675875,9.669,9.768
2018-11-01,2018,Nov,2018-2019,1,,2,9.669,9.669,9.67175,9.669,9.768
2018-11-02,2018,Nov,2018-2019,1,,2,9.669,9.669,9.675875,9.669,9.768
2018-11-03,2018,Nov,2018-2019,1,,2,9.768,9.768,9.78461979166667,9.669,9.866
2018-11-04,2018,Nov,2018-2019,1,,2,9.768,9.768,9.76043055555556,9.669,9.866
2018-11-05,2018,Nov,2018-2019,1,,2,9.768,9.768,9.80338888888889,9.768,9.866
2018-11-06,2018,Nov,2018-2019,1,,2,9.965,9.965,9.959671875,9.817,10.063
2018-11-07,2018,Nov,2018-2019,1,,2,9.965,9.8665,9.78425694444445,9.472,10.063
2018-11-08,2018,Nov,2018-2019,1,,2,9.768,9.70625,9.67558506944445,9.275,9.965
2018-11-09,2018,Nov,2018-2019,1,,2,9.866,9.866,9.83046875,9.571,9.965
2018-11-10,2018,Nov,2018-2019,1,,2,9.965,9.866,9.86328645833333,9.275,9.965
2018-11-11,2018,Nov,2018-2019,1,,2,9.965,9.866,9.71628472222222,8.978,9.965
2018-11-12,2018,Nov,2018-2019,1,,2,9.275,9.669,9.57031597222222,8.978,9.965
2018-11-13,2018,Nov,2018-2019,1,,2,9.472,9.275,9.24545659722222,8.978,9.472
2018-11-14,2018,Nov,2018-2019,1,,2,9.669,9.571,9.57438715277778,9.275,9.768
2018-11-15,2018,Nov,2018-2019,1,,2,9.768,9.768,9.73553645833334,9.571,9.866
2018-11-16,2018,Nov,2018-2019,1,,2,9.768,9.768,9.74390277777778,9.472,9.866
2018-11-17,2018,Nov,2018-2019,1,,2,8.978,9.768,9.65678125,8.879,9.866
2018-11-18,2018,Nov,2018-2019,1,,2,9.077,9.05225,9.12129340277778,8.879,9.571
2018-11-19,2018,Nov,2018-2019,1,,2,8.978,8.878625,8.90906076388889,7.983,9.669
2018-11-20,2018,Nov,2018-2019,1,,2,9.077,9.039875,9.02513368055555,8.581,9.275
2018-11-21,2018,Nov,2018-2019,1,,2,9.373,9.176,9.04164583333333,8.481,9.373
2018-11-22,2018,Nov,2018-2019,1,,2,9.571,9.373,9.32132986111111,8.382,9.669
2018-11-23,2018,Nov,2018-2019,1,,2,9.571,9.533875,9.42734027777778,8.68,9.669
2018-11-24,2018,Nov,2018-2019,1,,2,9.077,9.275,9.29535763888889,8.879,9.571
2018-11-25,2018,Nov,2018-2019,1,,2,9.176,9.275,9.23380034722222,8.779,9.571
2018-11-26,2018,Nov,2018-2019,1,,2,9.373,9.373,9.34886631944445,9.077,9.472
2018-11-27,2018,Nov,2018-2019,1,,2,9.275,9.33625,9.35918402777778,9.275,9.472
2018-11-28,2018,Nov,2018-2019,1,,2,9.373,9.373,9.40519097222222,9.275,9.472
2018-11-29,2018,Nov,2018-2019,1,,2,9.275,9.434875,9.38097569444445,9.176,9.472
2018-11-30,2018,Nov,2018-2019,1,,2,9.077,9.176,9.22905902777778,9.077,9.472
2018-12-01,2018,Dec,2018-2019,1,,2,8.978,9.064625,9.044171875,8.978,9.176
2018-12-02,2018,Dec,2018-2019,1,,2,9.176,8.978,8.98437847222222,8.68,9.275
2018-12-03,2018,Dec,2018-2019,1,,2,9.176,8.978,8.82867361111111,7.782,9.275
2018-12-04,2018,Dec,2018-2019,1,,2,9.077,8.007,8.05108854166667,6.775,9.176
2018-12-05,2018,Dec,2018-2019,1,,2,8.879,7.982625,7.81818402777778,5.86,9.077
2018-12-06,2018,Dec,2018-2019,1,,2,7.882,8.68,8.365140625,6.775,9.077
2018-12-07,2018,Dec,2018-2019,1,,2,7.882,8.49375,8.461875,7.582,8.978
2018-12-08,2018,Dec,2018-2019,1,,2,7.782,7.682,7.82496527777778,7.481,8.879
2018-12-09,2018,Dec,2018-2019,1,,2,8.779,7.932125,8.02265104166667,7.682,8.779
2018-12-10,2018,Dec,2018-2019,1,,2,8.182,8.394375,8.40111284722222,8.082,8.779
2018-12-11,2018,Dec,2018-2019,1,,2,8.879,8.6305,8.59381770833333,8.182,8.978
2018-12-12,2018,Dec,2018-2019,1,,2,8.68,8.965625,8.954046875,8.68,9.176
2018-12-13,2018,Dec,2018-2019,1,,2,9.077,8.879,8.88963020833333,8.581,9.176
2018-12-14,2018,Dec,2018-2019,1,,2,8.382,8.581,8.68326909722222,8.382,9.077
2018-12-15,2018,Dec,2018-2019,1,,2,7.381,7.632,7.76205729166667,6.877,8.481
2018-12-16,2018,Dec,2018-2019,1,,2,8.382,8.282,8.17150520833333,6.978,8.581
2018-12-17,2018,Dec,2018-2019,1,,2,8.382,8.382,8.40190277777778,7.882,8.978
2018-12-18,2018,Dec,2018-2019,1,,2,8.68,8.68,8.65669791666667,8.282,8.879
2018-12-19,2018,Dec,2018-2019,1,,2,8.68,8.68,8.68275,8.581,8.779
2018-12-20,2018,Dec,2018-2019,1,,2,8.481,8.581,8.49587326388889,7.882,8.68
2018-12-21,2018,Dec,2018-2019,1,,2,8.182,8.082,8.06599131944444,7.582,8.481
2018-12-22,2018,Dec,2018-2019,1,,2,8.282,8.257,8.19290972222222,7.782,8.581
2018-12-23,2018,Dec,2018-2019,1,,2,8.481,8.307,8.31764756944445,7.983,8.581
2018-12-24,2018,Dec,2018-2019,1,,2,8.481,8.481,8.42444444444445,7.782,8.68
2018-12-25,2018,Dec,2018-2019,1,,2,8.082,8.382,8.31158854166667,7.582,8.581
2018-12-26,2018,Dec,2018-2019,1,,2,8.382,8.2945,8.25233333333333,7.682,8.581
2018-12-27,2018,Dec,2018-2019,1,,2,8.082,8.257,8.30999305555555,8.082,8.581
2018-12-28,2018,Dec,2018-2019,1,,2,8.481,8.257,8.26523090277778,8.082,8.581
2018-12-29,2018,Dec,2018-2019,1,,2,8.481,8.556,8.49160416666667,8.182,8.68
2018-12-30,2018,Dec,2018-2019,1,,2,8.382,8.481,8.40522743055555,7.882,8.68
2018-12-31,2018,Dec,2018-2019,1,,2,7.983,7.894625,7.845671875,7.179,8.481
2019-01-01,2019,Jan,2018-2019,1,,2,8.282,7.882,7.83222395833333,7.381,8.282
2019-01-02,2019,Jan,2018-2019,1,,2,8.082,7.983,8.04528472222222,7.882,8.282
2019-01-03,2019,Jan,2018-2019,1,,2,8.382,8.282,8.31260416666667,8.082,8.481
2019-01-04,2019,Jan,2018-2019,1,,2,8.182,8.2945,8.24747222222222,7.782,8.481
2019-01-05,2019,Jan,2018-2019,1,,2,7.983,8.082,8.09437326388889,7.782,8.382
2019-01-06,2019,Jan,2018-2019,1,,2,7.983,7.983,7.97749305555555,7.582,8.182
2019-01-07,2019,Jan,2018-2019,1,,2,7.882,7.832,7.74089756944444,7.179,8.082
2019-01-08,2019,Jan,2018-2019,1,,2,7.882,7.832,7.72015972222222,6.877,8.182
2019-01-09,2019,Jan,2018-2019,1,,2,7.28,7.1665,7.34176041666667,6.775,8.082
2019-01-10,2019,Jan,2018-2019,1,,2,7.381,7.418625,7.41676215277778,7.079,7.782
2019-01-11,2019,Jan,2018-2019,1,,2,7.582,7.556625,7.51290798611111,7.28,7.782
2019-01-12,2019,Jan,2018-2019,1,,2,7.582,7.582,7.66463888888889,7.582,7.882
2019-01-13,2019,Jan,2018-2019,1,,2,7.582,7.582,7.58963888888889,7.582,7.682
2019-01-14,2019,Jan,2018-2019,1,,2,7.582,7.582,7.60283333333333,7.582,7.682
2019-01-15,2019,Jan,2018-2019,1,,2,7.682,7.682,7.65613194444445,7.582,7.682
2019-01-16,2019,Jan,2018-2019,1,,2,7.682,7.682,7.682,7.682,7.682
2019-01-17,2019,Jan,2018-2019,1,,2,7.682,7.682,7.58074305555555,6.37,7.682
2019-01-18,2019,Jan,2018-2019,1,,2,7.682,7.682,7.59420833333333,7.381,7.682
2019-01-19,2019,Jan,2018-2019,1,,2,7.582,7.50625,7.53860416666667,7.381,7.682
2019-01-20,2019,Jan,2018-2019,1,,2,7.983,7.882,7.74925520833333,7.28,8.082
2019-01-21,2019,Jan,2018-2019,1,,2,7.682,7.894625,7.84316145833333,7.481,8.082
2019-01-22,2019,Jan,2018-2019,1,,2,7.983,7.983,7.904171875,7.582,8.182
2019-01-23,2019,Jan,2018-2019,1,,2,7.983,8.182,8.12590277777778,7.782,8.282
2019-01-24,2019,Jan,2018-2019,1,,2,7.882,7.983,7.98613368055555,7.882,8.182
2019-01-25,2019,Jan,2018-2019,1,,2,7.882,7.882,7.93175694444445,7.882,8.082
2019-01-26,2019,Jan,2018-2019,1,,2,7.983,7.983,7.98062326388889,7.882,8.082
2019-01-27,2019,Jan,2018-2019,1,,2,7.983,7.983,7.984375,7.983,8.082
2019-01-28,2019,Jan,2018-2019,1,,2,7.983,7.983,7.94800694444445,7.782,7.983
2019-01-29,2019,Jan,2018-2019,1,,2,7.682,7.682,7.659515625,7.381,7.983
2019-01-30,2019,Jan,2018-2019,1,,2,7.582,7.582,7.5960625,7.582,7.682
2019-01-31,2019,Jan,2018-2019,1,,2,7.582,7.582,7.58269444444444,7.582,7.682
2019-02-01,2019,Feb,2018-2019,1,,2,7.983,7.7945,7.77791493055555,7.582,7.983
2019-02-02,2019,Feb,2018-2019,1,,2,7.079,7.882,7.71932638888889,6.978,8.082
2019-02-03,2019,Feb,2018-2019,1,,2,5.962,6.54725,6.27413368055555,3.998,7.0285
2019-02-04,2019,Feb,2018-2019,1,,2,7.682,6.331625,6.36234722222222,5.244,7.682
2019-02-05,2019,Feb,2018-2019,1,,2,7.782,7.757,7.72275694444444,7.481,7.882
2019-02-06,2019,Feb,2018-2019,1,,2,7.882,7.832,7.83599305555556,7.782,7.882
2019-02-07,2019,Feb,2018-2019,1,,2,7.782,7.857,7.83286805555556,7.682,7.882
2019-02-08,2019,Feb,2018-2019,1,,2,5.244,6.547625,6.75810763888889,4.831,7.882
2019-02-09,2019,Feb,2018-2019,1,,2,5.962,4.532,4.63329513888889,3.472,5.962
2019-02-10,2019,Feb,2018-2019,1,,2,4.623,4.85675,4.87625520833333,2.943,6.37
2019-02-11,2019,Feb,2018-2019,1,,2,4.102,4.662,4.62248090277778,3.578,5.757
2019-02-12,2019,Feb,2018-2019,1,,2,5.037,4.831,4.85810590277778,3.893,5.655
2019-02-13,2019,Feb,2018-2019,1,,2,5.655,5.282625,5.39460069444444,4.934,5.757
2019-02-14,2019,Feb,2018-2019,1,,2,5.655,5.655,5.64615277777778,5.45,5.757
2019-02-15,2019,Feb,2018-2019,1,,2,6.37,6.013,5.99248090277778,5.347,6.877
2019-02-16,2019,Feb,2018-2019,1,,2,6.37,6.319,6.19,5.244,6.775
2019-02-17,2019,Feb,2018-2019,1,,2,6.268,5.962,5.98901041666667,5.347,6.877
2019-02-18,2019,Feb,2018-2019,1,,2,6.268,6.37,6.40071527777778,6.166,6.674
2019-02-19,2019,Feb,2018-2019,1,,2,6.37,6.37,6.32873958333333,6.064,6.37
2019-02-20,2019,Feb,2018-2019,1,,2,6.775,6.37,6.39719270833334,6.268,6.775
2019-02-21,2019,Feb,2018-2019,1,,2,7.079,6.877,6.78179861111111,6.268,7.179
2019-02-22,2019,Feb,2018-2019,1,,2,7.179,7.05375,7.01813194444445,6.573,7.381
2019-02-23,2019,Feb,2018-2019,1,,2,6.674,6.573,6.66123784722222,6.268,7.28
2019-02-24,2019,Feb,2018-2019,1,,2,6.877,6.674,6.72850868055556,6.573,7.079
2019-02-25,2019,Feb,2018-2019,1,,2,6.37,6.44575,6.52153993055556,5.655,7.179
2019-02-26,2019,Feb,2018-2019,1,,2,6.674,6.50925,6.55870833333333,6.268,6.978
2019-02-27,2019,Feb,2018-2019,1,,2,7.079,6.978,6.93076909722222,6.674,7.079
2019-02-28,2019,Feb,2018-2019,1,,2,7.179,7.079,7.09265277777778,6.978,7.28
2019-03-01,2019,Mar,2018-2019,1,,2,7.381,7.179,7.23685069444445,7.079,7.481
2019-03-02,2019,Mar,2018-2019,1,,2,6.471,6.674,6.80044097222222,6.471,7.381
2019-03-03,2019,Mar,2018-2019,1,,2,6.573,6.268,6.23369791666667,5.757,6.573
2019-03-04,2019,Mar,2018-2019,1,,2,6.37,6.37,6.39338020833333,5.962,6.573
2019-03-05,2019,Mar,2018-2019,1,,2,6.573,6.37,6.29585590277778,5.757,6.674
2019-03-06,2019,Mar,2018-2019,1,"MV:9 of 24 missing:1 of 24 flagged",3,,6.37,6.29679154915059,5.86,6.522
2019-03-07,2019,Mar,2018-2019,1,,9,,,,,
2019-03-08,2019,Mar,2018-2019,1,,9,,,,,
2019-03-09,2019,Mar,2018-2019,1,,9,,,,,
2019-03-10,2019,Mar,2018-2019,1,,9,,,,,
2019-03-11,2019,Mar,2018-2019,1,,9,,,,,
2019-03-12,2019,Mar,2018-2019,1,,9,,,,,
2019-03-13,2019,Mar,2018-2019,1,,9,,,,,
2019-03-14,2019,Mar,2018-2019,1,,9,,,,,
2019-03-15,2019,Mar,2018-2019,1,,9,,,,,
2019-03-16,2019,Mar,2018-2019,1,,9,,,,,
2019-03-17,2019,Mar,2018-2019,1,,9,,,,,
2019-03-18,2019,Mar,2018-2019,1,,9,,,,,
2019-03-19,2019,Mar,2018-2019,1,,9,,,,,
2019-03-20,2019,Mar,2018-2019,1,"MV:14 of 24 missing:1 of 24 flagged",3,7.481,7.632,7.693925,7.481,8.082
2019-03-21,2019,Mar,2018-2019,1,,2,7.582,7.582,7.63843576388889,7.481,8.082
2019-03-22,2019,Mar,2018-2019,1,,2,7.582,7.582,7.61463888888889,7.582,7.882
2019-03-23,2019,Mar,2018-2019,1,,2,7.682,7.682,7.68460416666667,7.582,7.882
2019-03-24,2019,Mar,2018-2019,1,,2,7.682,7.682,7.69033333333333,7.682,7.882
2019-03-25,2019,Mar,2018-2019,1,,2,7.682,7.682,7.78001388888888,7.682,8.282
2019-03-26,2019,Mar,2018-2019,1,,2,7.782,7.983,7.99100694444444,7.682,8.481
2019-03-27,2019,Mar,2018-2019,1,,2,8.282,8.232,8.24902083333333,7.782,8.581
2019-03-28,2019,Mar,2018-2019,1,,2,8.082,8.282,8.33596527777778,7.882,8.978
2019-03-29,2019,Mar,2018-2019,1,,2,8.481,8.082,8.08584201388889,7.983,8.879
2019-03-30,2019,Mar,2018-2019,1,,2,8.779,8.531,8.56603125,8.082,9.275
2019-03-31,2019,Mar,2018-2019,1,,2,8.68,8.7295,8.71565798611111,8.182,9.373
2019-04-01,2019,Apr,2018-2019,1,,2,8.779,8.829,8.94386284722222,8.282,9.965
2019-04-02,2019,Apr,2018-2019,1,,2,9.669,9.669,9.48591319444444,8.68,9.965
2019-04-03,2019,Apr,2018-2019,1,,2,8.581,8.829125,8.91375694444445,8.282,9.669
2019-04-04,2019,Apr,2018-2019,1,,2,8.978,8.779,8.75017881944444,8.282,9.275
2019-04-05,2019,Apr,2018-2019,1,,2,8.68,8.68,8.74096875,8.282,9.472
2019-04-06,2019,Apr,2018-2019,1,,2,8.382,8.481,8.56178125,8.382,8.978
2019-04-07,2019,Apr,2018-2019,1,,2,8.382,8.581,8.53796527777778,8.382,8.68
2019-04-08,2019,Apr,2018-2019,1,,2,8.481,8.481,8.47755729166667,8.382,8.581
2019-04-09,2019,Apr,2018-2019,1,,2,8.779,8.7295,8.71050347222222,8.481,8.978
2019-04-10,2019,Apr,2018-2019,1,,2,8.581,8.779,8.79274652777778,8.581,9.077
2019-04-11,2019,Apr,2018-2019,1,,2,8.581,8.692375,8.77030555555556,8.481,9.275
2019-04-12,2019,Apr,2018-2019,1,,2,8.68,8.68,8.66468923611111,8.481,9.077
2019-04-13,2019,Apr,2018-2019,1,,2,8.581,8.481,8.46351909722222,8.282,8.68
2019-04-14,2019,Apr,2018-2019,1,,2,8.68,8.481,8.52168229166667,8.382,8.779
2019-04-15,2019,Apr,2018-2019,1,,2,8.581,8.68,8.64699826388889,8.481,8.879
2019-04-16,2019,Apr,2018-2019,1,,2,8.68,8.618125,8.62543229166667,8.481,8.779
2019-04-17,2019,Apr,2018-2019,1,,2,8.581,8.581,8.58857465277778,8.382,8.779
2019-04-18,2019,Apr,2018-2019,1,,2,8.481,8.581,8.59272916666667,8.481,8.779
2019-04-19,2019,Apr,2018-2019,1,,2,8.481,8.581,8.57797222222222,8.481,8.68
2019-04-20,2019,Apr,2018-2019,1,,2,8.978,8.779,8.72469270833333,8.481,8.978
2019-04-21,2019,Apr,2018-2019,1,,2,8.978,8.978,8.94415972222222,8.68,9.077
2019-04-22,2019,Apr,2018-2019,1,,2,8.779,8.879,8.854921875,8.68,8.978
2019-04-23,2019,Apr,2018-2019,1,,2,8.68,8.68,8.680859375,8.68,8.779
2019-04-24,2019,Apr,2018-2019,1,,2,8.879,8.779,8.86435590277778,8.68,9.275
2019-04-25,2019,Apr,2018-2019,1,,2,8.879,9.1265,9.11707638888889,8.779,9.965
2019-04-26,2019,Apr,2018-2019,1,,2,9.077,9.33625,9.35910069444444,8.779,9.866
2019-04-27,2019,Apr,2018-2019,1,,2,9.472,9.213125,9.219703125,8.879,9.472
2019-04-28,2019,Apr,2018-2019,1,,2,9.275,9.373,9.44832118055555,9.275,9.866
2019-04-29,2019,Apr,2018-2019,1,,2,9.866,9.878375,9.77847395833333,8.978,10.357
2019-04-30,2019,Apr,2018-2019,1,,2,10.748,10.3685,10.0922673611111,9.077,10.944
2019-05-01,2019,May,2018-2019,1,,2,9.176,10.07525,9.87370138888889,8.879,10.944
2019-05-02,2019,May,2018-2019,1,,2,9.176,9.275,9.36354861111111,8.978,10.357
2019-05-03,2019,May,2018-2019,1,,2,9.176,9.077,9.1140625,8.879,9.965
2019-05-04,2019,May,2018-2019,1,,2,8.978,9.077,9.14568402777778,8.779,10.063
2019-05-05,2019,May,2018-2019,1,,2,8.779,9.077,9.11612326388889,8.779,9.965
2019-05-06,2019,May,2018-2019,1,,2,8.879,8.978,9.12783333333333,8.779,10.063
2019-05-07,2019,May,2018-2019,1,,2,8.779,9.064625,9.27189583333333,8.779,10.357
2019-05-08,2019,May,2018-2019,1,,2,8.879,9.089375,9.1266875,8.779,10.161
2019-05-09,2019,May,2018-2019,1,,2,9.176,9.287,9.26113715277778,8.68,10.553
2019-05-10,2019,May,2018-2019,1,,2,8.978,9.2255,9.30394791666667,8.779,10.357
2019-05-11,2019,May,2018-2019,1,,2,9.077,9.089375,9.26985590277778,8.879,10.748
2019-05-12,2019,May,2018-2019,1,,2,9.077,9.176,9.27001388888889,8.779,10.553
2019-05-13,2019,May,2018-2019,1,,2,8.879,9.101625,9.33379513888889,8.68,10.748
2019-05-14,2019,May,2018-2019,1,,2,9.077,9.36075,9.52339236111111,8.68,11.139
2019-05-15,2019,May,2018-2019,1,,2,9.077,9.176,9.21939583333333,8.779,10.161
2019-05-16,2019,May,2018-2019,1,,2,9.373,9.373,9.43213888888889,8.978,10.846
2019-05-17,2019,May,2018-2019,1,,2,9.275,9.731,9.72661458333334,8.879,11.528
2019-05-18,2019,May,2018-2019,1,,2,9.373,9.176,9.22837847222222,8.879,10.063
2019-05-19,2019,May,2018-2019,1,,2,10.259,9.63225,9.66405208333333,9.176,10.944
2019-05-20,2019,May,2018-2019,1,,2,11.431,9.94025,10.1344027777778,9.176,11.722
2019-05-21,2019,May,2018-2019,1,,2,9.571,9.964625,10.3010208333333,9.275,11.916
2019-05-22,2019,May,2018-2019,1,,2,9.472,9.571,9.740671875,9.176,10.748
2019-05-23,2019,May,2018-2019,1,,2,9.077,9.484375,9.53258159722222,9.077,11.236
2019-05-24,2019,May,2018-2019,1,,2,9.275,9.25025,9.39321180555556,9.077,10.553
2019-05-25,2019,May,2018-2019,1,,2,8.779,10.308,10.1670625,8.779,11.528
2019-05-26,2019,May,2018-2019,1,,2,9.176,9.373,9.57333854166667,8.779,11.819
2019-05-27,2019,May,2018-2019,1,,2,10.063,10.17325,10.2473142361111,8.779,12.401
2019-05-28,2019,May,2018-2019,1,,2,10.357,10.014,10.0569409722222,9.373,11.334
2019-05-29,2019,May,2018-2019,1,,2,9.373,9.69375,10.0226944444444,9.176,12.401
2019-05-30,2019,May,2018-2019,1,,2,9.176,9.274875,9.43055034722222,8.879,11.528
2019-05-31,2019,May,2018-2019,1,,2,9.077,9.089375,9.145109375,8.978,9.669
2019-06-01,2019,Jun,2018-2019,1,,2,8.978,9.15125,9.17440104166667,8.779,10.161
2019-06-02,2019,Jun,2018-2019,1,,2,9.077,9.423,9.56336979166667,8.879,10.846
2019-06-03,2019,Jun,2018-2019,1,,2,9.077,9.15125,9.22979166666667,8.879,10.357
2019-06-04,2019,Jun,2018-2019,1,,2,9.373,9.44725,9.47485416666667,9.077,10.161
2019-06-05,2019,Jun,2018-2019,1,,2,9.669,9.669,9.67277777777778,9.275,10.161
2019-06-06,2019,Jun,2018-2019,1,,2,11.139,10.528375,10.4521006944444,9.669,11.236
2019-06-07,2019,Jun,2018-2019,1,,2,10.651,10.553,10.5319166666667,10.161,10.9925
2019-06-08,2019,Jun,2018-2019,1,,2,10.846,10.735875,10.7037725694444,10.259,11.236
2019-06-09,2019,Jun,2018-2019,1,,2,11.041,10.735875,10.769078125,10.063,12.013
2019-06-10,2019,Jun,2018-2019,1,,2,10.748,10.846,10.9317934027778,10.748,11.722
2019-06-11,2019,Jun,2018-2019,1,,2,10.748,10.797,10.7835555555556,10.553,11.334
2019-06-12,2019,Jun,2018-2019,1,,2,11.431,10.9925,10.9810225694444,10.651,11.431
2019-06-13,2019,Jun,2018-2019,1,,2,11.139,11.431,11.5706111111111,10.553,12.883
2019-06-14,2019,Jun,2018-2019,1,,2,10.161,10.968125,11.1038993055556,10.063,13.269
2019-06-15,2019,Jun,2018-2019,1,,2,10.161,10.54075,10.8185694444444,9.768,13.269
2019-06-16,2019,Jun,2018-2019,1,,2,10.455,10.34475,10.6627881944444,9.965,13.076
2019-06-17,2019,Jun,2018-2019,1,,2,10.259,10.161,10.2508333333333,9.768,11.431
2019-06-18,2019,Jun,2018-2019,1,,2,10.455,10.259,10.2824375,9.866,10.846
2019-06-19,2019,Jun,2018-2019,1,,2,10.553,10.357,10.3757743055556,10.161,11.334
2019-06-20,2019,Jun,2018-2019,1,,2,10.259,10.406,10.3928645833333,10.063,10.748
2019-06-21,2019,Jun,2018-2019,1,,2,12.69,11.418875,11.5935572916667,10.259,13.173
2019-06-22,2019,Jun,2018-2019,1,,2,12.013,11.041,11.1988003472222,10.161,12.98
2019-06-23,2019,Jun,2018-2019,1,,2,10.944,11.223875,11.2550086805556,10.651,12.497
2019-06-24,2019,Jun,2018-2019,1,,2,11.528,11.236,11.2221527777778,10.651,11.916
2019-06-25,2019,Jun,2018-2019,1,,2,11.722,11.431,11.4282395833333,10.846,11.819
2019-06-26,2019,Jun,2018-2019,1,,2,12.401,12.08575,12.1522100694444,11.625,13.076
2019-06-27,2019,Jun,2018-2019,1,,2,11.722,11.89175,12.0252899305556,11.041,14.038
2019-06-28,2019,Jun,2018-2019,1,,2,11.625,12.291875,12.3936336805556,11.041,14.421
2019-06-29,2019,Jun,2018-2019,1,,2,11.334,11.50375,11.6459149305556,10.944,13.173
2019-06-30,2019,Jun,2018-2019,1,,2,11.041,11.60075,11.5756336805556,10.748,12.883
2019-07-01,2019,Jul,2018-2019,1,,2,11.334,11.3825,11.4140121527778,10.553,12.69
2019-07-02,2019,Jul,2018-2019,1,,2,11.139,11.4795,11.4523038194444,10.553,12.401
2019-07-03,2019,Jul,2018-2019,1,,2,11.334,11.21175,11.3068003472222,10.357,12.69
2019-07-04,2019,Jul,2018-2019,1,,2,12.013,11.24825,11.3441197916667,10.846,12.401
2019-07-05,2019,Jul,2018-2019,1,,2,11.916,11.248375,11.3048559027778,10.455,12.11
2019-07-06,2019,Jul,2018-2019,1,,2,13.076,11.223875,11.29425,10.357,13.173
2019-07-07,2019,Jul,2018-2019,1,,2,11.041,11.139,11.294171875,10.651,13.076
2019-07-08,2019,Jul,2018-2019,1,,2,11.041,11.224,11.2914652777778,10.846,12.497
2019-07-09,2019,Jul,2018-2019,1,,2,11.722,11.515875,11.5572760416667,10.846,13.076
2019-07-10,2019,Jul,2018-2019,1,,2,11.528,11.84325,12.0405868055556,10.846,14.038
2019-07-11,2019,Jul,2018-2019,1,,2,11.916,12.38875,12.5436944444444,11.528,14.23
2019-07-12,2019,Jul,2018-2019,1,,2,12.207,13.365,13.541953125,11.528,15.473
2019-07-13,2019,Jul,2018-2019,1,,2,12.883,13.413,13.45725,12.207,15.187
2019-07-14,2019,Jul,2018-2019,1,,2,12.98,13.437,13.4714427083333,12.304,14.517
2019-07-15,2019,Jul,2018-2019,1,,2,12.69,13.63,13.5610659722222,12.497,14.325
2019-07-16,2019,Jul,2018-2019,1,,2,12.11,13.10025,13.1909375,12.013,14.325
2019-07-17,2019,Jul,2018-2019,1,,2,13.558,13.702,13.6152222222222,12.1585,14.9
2019-07-18,2019,Jul,2018-2019,1,,2,12.401,12.9315,13.0569600694444,12.401,13.75
2019-07-19,2019,Jul,2018-2019,1,,2,13.365,13.172875,13.2095416666667,12.11,14.996
2019-07-20,2019,Jul,2018-2019,1,,2,13.365,12.90725,12.8912361111111,11.916,14.517
2019-07-21,2019,Jul,2018-2019,1,,2,15.187,13.305,13.5799756944444,12.69,15.76
2019-07-22,2019,Jul,2018-2019,1,,2,14.613,13.365,13.5564548611111,12.013,15.473
2019-07-23,2019,Jul,2018-2019,1,,2,14.804,14.373,14.3189878472222,13.654,15.091
2019-07-24,2019,Jul,2018-2019,1,,2,13.75,13.954,13.95465625,12.11,15.569
2019-07-25,2019,Jul,2018-2019,1,,2,14.517,14.517,14.394015625,12.69,15.187
2019-07-26,2019,Jul,2018-2019,1,,2,14.421,14.421,14.3793541666667,14.23,14.517
2019-07-27,2019,Jul,2018-2019,1,,2,14.038,14.325,14.2873663194444,14.038,14.517
2019-07-28,2019,Jul,2018-2019,1,,2,13.654,14.134,14.1276875,13.461,14.804
2019-07-29,2019,Jul,2018-2019,1,,2,12.98,14.038,13.9019201388889,12.787,15.569
2019-07-30,2019,Jul,2018-2019,1,,2,13.654,13.75,13.9693090277778,12.594,16.046
2019-07-31,2019,Jul,2018-2019,1,,2,13.173,13.582,13.460578125,12.304,14.421
2019-08-01,2019,Aug,2018-2019,1,,2,13.173,13.798,13.8512013888889,12.69,15.473
2019-08-02,2019,Aug,2018-2019,1,,2,13.076,13.497375,13.817203125,12.594,15.664
2019-08-03,2019,Aug,2018-2019,1,,2,12.594,12.895125,12.9995590277778,12.207,14.134
2019-08-04,2019,Aug,2018-2019,1,,2,13.269,12.883,12.890890625,11.722,14.709
2019-08-05,2019,Aug,2018-2019,1,,2,13.365,12.497125,12.7482152777778,12.013,15.664
2019-08-06,2019,Aug,2018-2019,1,,2,12.497,12.219125,12.3457986111111,11.139,15.187
2019-08-07,2019,Aug,2018-2019,1,,2,12.787,11.928125,12.0285520833333,10.748,14.517
2019-08-08,2019,Aug,2018-2019,1,,2,12.11,12.013,12.1874809027778,11.041,13.846
2019-08-09,2019,Aug,2018-2019,1,,2,12.013,12.097875,12.1560711805556,11.041,13.365
2019-08-10,2019,Aug,2018-2019,1,,2,12.304,12.2555,12.1914739583333,11.528,12.883
2019-08-11,2019,Aug,2018-2019,1,,2,12.304,12.304,12.3210277777778,11.625,13.173
