Date,Year,Month,WaterYear,TWtrTriquet_bay02_Q_level,TWtrTriquet_bay02_Q_flags,TWtrTriquet_bay02_UNESCO_Q_level,TWtrTriquet_bay02,TWtrTriquet_bay02_Med,TWtrTriquet_bay02_Avg,TWtrTriquet_bay02_Min,TWtrTriquet_bay02_Max
PST,Year,Month,WaterYear,Quality level,Quality flags,UNESCO QC,deg C,deg C,deg C,deg C,deg C
date,Year,Month,WaterYear,NS_Triquet_bay02,NS_Triquet_bay02,NS_Triquet_bay02,NS_Triquet_bay02,NS_Triquet_bay02,NS_Triquet_bay02,NS_Triquet_bay02,NS_Triquet_bay02
date,year,month,waterYear,WaterTemp_QL,WaterTemp_QC,WaterTemp_UQL,WaterTemp,WaterTemp_Med,WaterTemp_Avg,WaterTemp_Min,WaterTemp_Max
2016-10-13,2016,Oct,2016-2017,1,"MV:22 of 24 missing:1 of 24 flagged",3,10.748,10.748,10.748,10.748,10.748
2016-10-14,2016,Oct,2016-2017,1,,2,10.748,10.748,10.7271180555556,10.651,10.748
2016-10-15,2016,Oct,2016-2017,1,,2,10.846,10.80925,10.8002326388889,10.748,10.944
2016-10-16,2016,Oct,2016-2017,1,,2,10.846,10.9195,10.8977152777778,10.846,11.041
2016-10-17,2016,Oct,2016-2017,1,,2,10.944,10.944,10.9519131944444,10.895,11.041
2016-10-18,2016,Oct,2016-2017,1,,2,10.944,10.944,10.9844097222222,10.846,11.041
2016-10-19,2016,Oct,2016-2017,1,,2,10.651,10.748,10.7800017361111,10.651,10.944
2016-10-20,2016,Oct,2016-2017,1,,2,10.651,10.6995,10.7076597222222,10.651,10.846
2016-10-21,2016,Oct,2016-2017,1,,2,10.651,10.651,10.6176527777778,10.553,10.651
2016-10-22,2016,Oct,2016-2017,1,,2,10.553,10.553,10.5647395833333,10.455,10.651
2016-10-23,2016,Oct,2016-2017,1,,2,10.748,10.6995,10.6685295138889,10.455,10.846
2016-10-24,2016,Oct,2016-2017,1,,2,10.455,10.651,10.6457309027778,10.455,10.748
2016-10-25,2016,Oct,2016-2017,1,,2,10.455,10.553,10.5087638888889,10.357,10.651
2016-10-26,2016,Oct,2016-2017,1,,2,10.553,10.455,10.4732048611111,10.357,10.651
2016-10-27,2016,Oct,2016-2017,1,,2,10.455,10.553,10.5157395833333,10.455,10.553
2016-10-28,2016,Oct,2016-2017,1,,2,10.553,10.455,10.4527881944444,10.357,10.553
2016-10-29,2016,Oct,2016-2017,1,,2,10.455,10.455,10.4456423611111,10.259,10.553
2016-10-30,2016,Oct,2016-2017,1,,2,10.357,10.4305,10.40753125,10.357,10.455
2016-10-31,2016,Oct,2016-2017,1,,2,10.357,10.357,10.399875,10.357,10.455
2016-11-01,2016,Nov,2016-2017,1,,2,9.965,10.161,10.2127222222222,9.965,10.455
2016-11-02,2016,Nov,2016-2017,1,,2,10.063,10.063,9.98221875,9.571,10.161
2016-11-03,2016,Nov,2016-2017,1,,2,10.455,10.406,10.3270555555556,10.063,10.553
2016-11-04,2016,Nov,2016-2017,1,,2,10.455,10.357,10.3917083333333,10.259,10.455
2016-11-05,2016,Nov,2016-2017,1,,2,10.455,10.455,10.4536388888889,10.357,10.455
2016-11-06,2016,Nov,2016-2017,1,,2,10.357,10.455,10.4463229166667,10.357,10.455
2016-11-07,2016,Nov,2016-2017,1,,2,10.748,10.553,10.5262725694444,10.259,10.748
2016-11-08,2016,Nov,2016-2017,1,,2,10.748,10.748,10.7684166666667,10.748,10.846
2016-11-09,2016,Nov,2016-2017,1,,2,10.455,10.553,10.5949184027778,10.455,10.748
2016-11-10,2016,Nov,2016-2017,1,,2,10.259,10.259,10.3117430555556,10.161,10.455
2016-11-11,2016,Nov,2016-2017,1,,2,10.357,10.357,10.36159375,10.259,10.455
2016-11-12,2016,Nov,2016-2017,1,,2,10.357,10.357,10.3855833333333,10.357,10.455
2016-11-13,2016,Nov,2016-2017,1,,2,10.944,10.846,10.6480850694444,10.259,10.944
2016-11-14,2016,Nov,2016-2017,1,,2,10.455,10.651,10.654953125,10.357,10.944
2016-11-15,2016,Nov,2016-2017,1,,2,10.259,10.455,10.4240347222222,10.063,10.553
2016-11-16,2016,Nov,2016-2017,1,,2,10.161,10.24675,10.1747743055556,9.866,10.357
2016-11-17,2016,Nov,2016-2017,1,,2,10.161,10.161,10.1861805555556,9.965,10.357
2016-11-18,2016,Nov,2016-2017,1,,2,9.472,9.965,9.86719618055555,9.472,10.161
2016-11-19,2016,Nov,2016-2017,1,,2,9.866,9.97725,9.93728819444444,9.472,10.063
2016-11-20,2016,Nov,2016-2017,1,,2,9.571,9.82925,9.81271354166667,9.571,9.965
2016-11-21,2016,Nov,2016-2017,1,,2,9.077,9.669,9.57623263888889,9.077,9.669
2016-11-22,2016,Nov,2016-2017,1,,2,9.669,9.768,9.61525,9.077,9.965
2016-11-23,2016,Nov,2016-2017,1,,2,9.472,9.373,9.39477256944445,9.077,9.669
2016-11-24,2016,Nov,2016-2017,1,,2,9.373,9.768,9.78428993055555,9.373,10.063
2016-11-25,2016,Nov,2016-2017,1,,2,9.571,9.4225,9.36909375,8.68,9.768
2016-11-26,2016,Nov,2016-2017,1,,2,9.571,9.472,9.39940277777778,8.978,9.669
2016-11-27,2016,Nov,2016-2017,1,,2,9.571,9.1265,9.03974305555556,8.382,9.669
2016-11-28,2016,Nov,2016-2017,1,,2,9.768,9.571,9.59919965277778,9.472,9.768
2016-11-29,2016,Nov,2016-2017,1,,2,9.669,9.484375,9.55978298611111,9.275,9.768
2016-11-30,2016,Nov,2016-2017,1,,2,9.472,9.669,9.66127951388889,9.275,9.965
2016-12-01,2016,Dec,2016-2017,1,,2,9.472,9.472,9.41151388888889,8.879,9.768
2016-12-02,2016,Dec,2016-2017,1,,2,10.259,9.768,9.71760590277778,9.275,10.259
2016-12-03,2016,Dec,2016-2017,1,,2,9.176,10.36925,10.1552413194444,9.176,10.553
2016-12-04,2016,Dec,2016-2017,1,,2,9.571,9.571,9.451890625,8.879,9.866
2016-12-05,2016,Dec,2016-2017,1,,2,8.581,9.472,9.29921875,8.581,9.571
2016-12-06,2016,Dec,2016-2017,1,,2,5.757,7.919625,7.73910416666666,5.45,9.077
2016-12-07,2016,Dec,2016-2017,1,,2,6.37,6.64875,6.64172048611111,5.552,7.582
2016-12-08,2016,Dec,2016-2017,1,,2,6.166,6.585375,6.5609375,6.166,6.877
2016-12-09,2016,Dec,2016-2017,1,,2,6.877,6.48375,6.51604340277778,5.86,7.481
2016-12-10,2016,Dec,2016-2017,1,,2,7.381,6.77525,6.86868055555556,6.166,7.582
2016-12-11,2016,Dec,2016-2017,1,,2,7.381,6.711875,6.69602777777778,5.757,7.481
2016-12-12,2016,Dec,2016-2017,1,,2,7.179,6.35725,6.34947569444444,5.552,7.481
2016-12-13,2016,Dec,2016-2017,1,,2,7.179,6.1915,6.34655555555555,5.552,7.28
2016-12-14,2016,Dec,2016-2017,1,,2,6.978,6.2935,6.35443229166667,5.244,7.381
2016-12-15,2016,Dec,2016-2017,1,,2,6.166,6.38225,6.30230555555555,4.727,7.28
2016-12-16,2016,Dec,2016-2017,1,,2,5.86,6.115,6.13753819444444,5.244,7.179
2016-12-17,2016,Dec,2016-2017,1,,2,7.381,6.7625,6.80649131944444,5.86,7.381
2016-12-18,2016,Dec,2016-2017,1,,2,8.082,7.807,7.77333854166667,7.381,8.082
2016-12-19,2016,Dec,2016-2017,1,,2,8.182,8.282,8.25889583333333,8.082,8.481
2016-12-20,2016,Dec,2016-2017,1,,2,8.481,8.3815,8.43872395833333,7.983,8.879
2016-12-21,2016,Dec,2016-2017,1,,2,8.779,8.779,8.74362847222222,8.481,8.879
2016-12-22,2016,Dec,2016-2017,1,,2,8.581,8.779,8.77354513888889,8.581,8.879
2016-12-23,2016,Dec,2016-2017,1,,2,8.082,8.332,8.23610243055555,7.481,8.581
2016-12-24,2016,Dec,2016-2017,1,,2,7.782,7.732,7.44770833333333,6.37,8.382
2016-12-25,2016,Dec,2016-2017,1,,2,7.481,6.56025,6.70003645833333,5.757,7.782
2016-12-26,2016,Dec,2016-2017,1,,2,8.581,7.9325,7.88841666666667,6.775,8.68
2016-12-27,2016,Dec,2016-2017,1,,2,8.68,8.531,8.57550173611111,8.282,8.879
2016-12-28,2016,Dec,2016-2017,1,,2,8.282,8.182,8.19862847222222,7.782,8.68
2016-12-29,2016,Dec,2016-2017,1,,2,8.182,8.182,8.18859027777778,7.782,8.481
2016-12-30,2016,Dec,2016-2017,1,,2,8.082,7.7945,7.85503472222222,7.381,8.282
2016-12-31,2016,Dec,2016-2017,1,,2,7.582,7.9325,7.73522222222222,6.573,8.182
2017-01-01,2017,Jan,2016-2017,1,,2,6.775,6.4205,6.347921875,3.998,7.782
2017-01-02,2017,Jan,2016-2017,1,,2,5.86,6.15325,6.12133159722222,4.207,7.682
2017-01-03,2017,Jan,2016-2017,1,,2,5.655,6.217,6.165203125,5.244,7.179
2017-01-04,2017,Jan,2016-2017,1,,2,5.655,6.1405,6.18592361111111,5.655,6.877
2017-01-05,2017,Jan,2016-2017,1,,2,6.573,6.217,6.28253125,5.552,7.079
2017-01-06,2017,Jan,2016-2017,1,,2,7.381,7.28,7.19381944444445,6.573,7.481
2017-01-07,2017,Jan,2016-2017,1,,2,7.079,7.381,7.37769791666667,7.079,7.582
2017-01-08,2017,Jan,2016-2017,1,,2,7.079,7.116375,7.08519444444445,6.471,7.582
2017-01-09,2017,Jan,2016-2017,1,,2,6.674,6.724625,6.60634895833333,5.45,7.079
2017-01-10,2017,Jan,2016-2017,1,,2,6.775,5.629125,5.663671875,4.934,6.775
2017-01-11,2017,Jan,2016-2017,1,,2,6.775,5.68025,5.761,5.037,6.775
2017-01-12,2017,Jan,2016-2017,1,,2,6.877,6.293375,6.31071875,5.655,6.877
2017-01-13,2017,Jan,2016-2017,1,,2,6.978,6.636125,6.63499826388889,6.166,6.978
2017-01-14,2017,Jan,2016-2017,1,,2,7.179,6.889625,6.89292881944445,6.471,7.179
2017-01-15,2017,Jan,2016-2017,1,,2,7.179,7.179,7.14006944444444,6.877,7.28
2017-01-16,2017,Jan,2016-2017,1,,2,7.682,7.28,7.31474479166667,7.079,7.682
2017-01-17,2017,Jan,2016-2017,1,,2,7.782,7.682,7.71724305555555,7.682,7.782
2017-01-18,2017,Jan,2016-2017,1,,2,7.882,7.782,7.80335416666667,7.782,7.882
2017-01-19,2017,Jan,2016-2017,1,,2,7.782,7.782,7.80925694444445,7.782,7.882
2017-01-20,2017,Jan,2016-2017,1,,2,7.582,7.682,7.71498611111111,7.582,7.782
2017-01-21,2017,Jan,2016-2017,1,,2,7.381,7.481,7.42213368055555,7.179,7.582
2017-01-22,2017,Jan,2016-2017,1,,2,7.481,7.381,7.36724305555556,7.079,7.481
2017-01-23,2017,Jan,2016-2017,1,,2,7.381,7.381,7.2556875,6.877,7.481
2017-01-24,2017,Jan,2016-2017,1,,2,7.179,7.079,7.10148958333333,6.877,7.381
2017-01-25,2017,Jan,2016-2017,1,,2,7.179,7.179,7.12474305555556,6.877,7.28
2017-01-26,2017,Jan,2016-2017,1,,2,7.582,7.28,7.27441840277778,7.079,7.582
2017-01-27,2017,Jan,2016-2017,1,,2,7.782,7.782,7.72123611111111,7.582,7.882
2017-01-28,2017,Jan,2016-2017,1,,2,7.882,7.882,7.89818055555556,7.782,7.983
2017-01-29,2017,Jan,2016-2017,1,,2,7.481,7.757,7.75834201388889,7.381,7.882
2017-01-30,2017,Jan,2016-2017,1,,2,7.582,7.381,7.41442881944445,6.775,7.782
2017-01-31,2017,Jan,2016-2017,1,,2,5.86,6.636,6.85468402777778,5.757,7.882
2017-02-01,2017,Feb,2016-2017,1,,2,5.962,6.471375,6.32192708333333,5.244,7.28
2017-02-02,2017,Feb,2016-2017,1,,2,5.757,6.064,6.11971701388889,5.244,6.978
2017-02-03,2017,Feb,2016-2017,1,,2,5.552,6.05125,5.97480729166667,5.037,6.573
2017-02-04,2017,Feb,2016-2017,1,,2,5.244,5.86,5.80836805555556,4.934,6.471
2017-02-05,2017,Feb,2016-2017,1,,2,5.141,5.51375,5.51890104166667,4.623,6.064
2017-02-06,2017,Feb,2016-2017,1,,2,5.45,5.256875,5.16359548611111,4.102,5.86
2017-02-07,2017,Feb,2016-2017,1,,2,5.347,5.3985,5.28461631944444,4.519,5.757
2017-02-08,2017,Feb,2016-2017,1,,2,5.86,5.347,5.36283159722222,4.415,5.962
2017-02-09,2017,Feb,2016-2017,1,,2,6.064,5.42425,5.49438888888889,4.831,6.064
2017-02-10,2017,Feb,2016-2017,1,,2,6.166,5.86,5.81355902777778,5.141,6.166
2017-02-11,2017,Feb,2016-2017,1,,2,6.877,6.217,6.20189756944444,5.757,6.877
2017-02-12,2017,Feb,2016-2017,1,,2,7.179,7.079,6.97848958333333,6.573,7.179
2017-02-13,2017,Feb,2016-2017,1,,2,7.179,7.381,7.34904861111111,7.179,7.582
2017-02-14,2017,Feb,2016-2017,1,,2,7.179,7.179,7.18059027777778,7.079,7.28
2017-02-15,2017,Feb,2016-2017,1,,2,7.381,7.381,7.33770486111111,7.179,7.481
2017-02-16,2017,Feb,2016-2017,1,,2,7.28,7.28,7.24721006944444,7.179,7.381
2017-02-17,2017,Feb,2016-2017,1,,2,7.179,7.179,7.24159895833333,7.079,7.481
2017-02-18,2017,Feb,2016-2017,1,,2,6.978,7.079,7.02374479166667,6.573,7.179
2017-02-19,2017,Feb,2016-2017,1,,2,6.978,7.06625,7.05215277777778,6.978,7.28
2017-02-20,2017,Feb,2016-2017,1,,2,7.079,7.079,7.05546354166667,6.877,7.28
2017-02-21,2017,Feb,2016-2017,1,,2,6.978,7.079,7.118765625,6.978,7.381
2017-02-22,2017,Feb,2016-2017,1,,2,6.978,6.877,6.86317361111111,6.471,7.179
2017-02-23,2017,Feb,2016-2017,1,,2,6.877,6.471,6.512765625,5.86,6.978
2017-02-24,2017,Feb,2016-2017,1,,2,6.775,6.573,6.39306597222222,5.552,6.877
2017-02-25,2017,Feb,2016-2017,1,,2,6.674,6.37,6.33802951388889,5.552,6.775
2017-02-26,2017,Feb,2016-2017,1,,2,6.573,6.357125,6.25302256944444,5.347,6.674
2017-02-27,2017,Feb,2016-2017,1,,2,6.775,6.458375,6.39092013888889,5.552,6.978
2017-02-28,2017,Feb,2016-2017,1,,2,6.573,6.573,6.37005902777778,5.552,6.775
2017-03-01,2017,Mar,2016-2017,1,,2,6.573,6.573,6.56211805555556,6.166,6.877
2017-03-02,2017,Mar,2016-2017,1,,2,6.978,6.7245,6.81822743055556,6.471,7.079
2017-03-03,2017,Mar,2016-2017,1,,2,6.877,6.978,6.94237673611111,6.775,7.079
2017-03-04,2017,Mar,2016-2017,1,,2,6.775,6.711875,6.71989930555556,6.573,6.978
2017-03-05,2017,Mar,2016-2017,1,,2,6.471,6.48375,6.48363194444445,6.064,6.775
2017-03-06,2017,Mar,2016-2017,1,,2,6.37,6.37,6.41009201388889,6.064,6.674
2017-03-07,2017,Mar,2016-2017,1,,2,6.471,6.433125,6.33806770833333,5.655,6.674
2017-03-08,2017,Mar,2016-2017,1,,2,6.268,6.471,6.40380381944445,6.064,6.573
2017-03-09,2017,Mar,2016-2017,1,,2,5.962,6.166,6.12686458333333,5.86,6.268
2017-03-10,2017,Mar,2016-2017,1,,2,6.471,6.1915,6.002109375,4.934,6.573
2017-03-11,2017,Mar,2016-2017,1,,2,6.573,6.37,6.31973958333333,5.757,6.573
2017-03-12,2017,Mar,2016-2017,1,,2,6.978,6.775,6.73808159722222,6.573,6.978
2017-03-13,2017,Mar,2016-2017,1,,2,7.179,7.179,7.13488715277778,6.978,7.28
2017-03-14,2017,Mar,2016-2017,1,,2,6.978,7.179,7.19417534722222,6.978,7.28
2017-03-15,2017,Mar,2016-2017,1,,2,6.877,6.978,6.97675173611111,6.775,7.079
2017-03-16,2017,Mar,2016-2017,1,,2,6.877,6.877,6.91486111111111,6.775,6.978
2017-03-17,2017,Mar,2016-2017,1,,2,7.079,7.079,7.06069791666667,6.775,7.179
2017-03-18,2017,Mar,2016-2017,1,,2,6.978,7.079,7.069265625,6.877,7.381
2017-03-19,2017,Mar,2016-2017,1,,2,6.978,6.978,7.02257638888889,6.775,7.381
2017-03-20,2017,Mar,2016-2017,1,,2,7.179,6.9275,6.888734375,6.471,7.28
2017-03-21,2017,Mar,2016-2017,1,,2,6.775,6.877,6.79569444444444,6.37,7.28
2017-03-22,2017,Mar,2016-2017,1,,2,7.079,6.978,6.96393055555555,6.775,7.179
2017-03-23,2017,Mar,2016-2017,1,,2,6.978,6.978,7.002453125,6.775,7.381
2017-03-24,2017,Mar,2016-2017,1,,2,6.978,6.978,7.03536111111111,6.877,7.28
2017-03-25,2017,Mar,2016-2017,1,,2,7.079,7.079,7.09390798611111,6.877,7.381
2017-03-26,2017,Mar,2016-2017,1,,2,6.978,6.978,6.98377951388889,6.775,7.079
2017-03-27,2017,Mar,2016-2017,1,,2,7.079,7.079,7.07556076388889,6.877,7.179
2017-03-28,2017,Mar,2016-2017,1,,2,7.28,7.28,7.20984548611111,6.978,7.381
2017-03-29,2017,Mar,2016-2017,1,,2,7.28,7.28,7.309375,7.179,7.481
2017-03-30,2017,Mar,2016-2017,1,,2,7.582,7.481,7.43243402777778,7.179,7.682
2017-03-31,2017,Mar,2016-2017,1,,2,7.381,7.481,7.45498090277778,7.381,7.582
2017-04-01,2017,Apr,2016-2017,1,,2,7.582,7.481,7.49147743055555,7.381,7.682
2017-04-02,2017,Apr,2016-2017,1,,2,7.983,7.632,7.699234375,7.381,7.983
2017-04-03,2017,Apr,2016-2017,1,,2,7.782,7.782,7.73650868055556,7.381,8.182
2017-04-04,2017,Apr,2016-2017,1,,2,7.782,7.782,7.75840972222222,7.682,7.983
2017-04-05,2017,Apr,2016-2017,1,,2,8.082,7.983,8.01502777777778,7.782,8.481
2017-04-06,2017,Apr,2016-2017,1,,2,7.882,7.882,7.92492361111111,7.782,8.082
2017-04-07,2017,Apr,2016-2017,1,,2,7.782,7.782,7.80863194444444,7.381,8.182
2017-04-08,2017,Apr,2016-2017,1,,2,7.782,7.782,7.87313194444445,7.782,8.082
2017-04-09,2017,Apr,2016-2017,1,,2,7.882,7.882,7.87856944444445,7.682,8.082
2017-04-10,2017,Apr,2016-2017,1,,2,7.983,7.983,7.97662326388889,7.782,8.182
2017-04-11,2017,Apr,2016-2017,1,,2,8.182,8.182,8.173328125,7.882,8.68
2017-04-12,2017,Apr,2016-2017,1,,2,8.282,8.2445,8.21655555555555,7.782,8.581
2017-04-13,2017,Apr,2016-2017,1,,2,8.282,8.382,8.36104166666667,8.282,8.481
2017-04-14,2017,Apr,2016-2017,1,,2,8.382,8.481,8.42427777777778,8.282,8.68
2017-04-15,2017,Apr,2016-2017,1,,2,8.581,8.593375,8.58511979166667,8.382,8.879
2017-04-16,2017,Apr,2016-2017,1,,2,8.779,8.766625,8.68718402777778,8.382,8.978
2017-04-17,2017,Apr,2016-2017,1,,2,8.978,8.978,8.914640625,8.581,9.373
2017-04-18,2017,Apr,2016-2017,1,,2,9.275,9.176,9.11401215277778,8.779,9.571
2017-04-19,2017,Apr,2016-2017,1,,2,8.779,9.089375,9.11484722222223,8.779,9.571
2017-04-20,2017,Apr,2016-2017,1,,2,9.768,9.398125,9.33602604166667,8.779,9.965
2017-04-21,2017,Apr,2016-2017,1,,2,9.669,9.7185,9.69791493055556,9.176,10.161
2017-04-22,2017,Apr,2016-2017,1,,2,9.866,9.866,9.88400520833333,9.571,10.455
2017-04-23,2017,Apr,2016-2017,1,,2,9.768,9.965,10.0056423611111,9.768,10.455
2017-04-24,2017,Apr,2016-2017,1,,2,9.866,10.00175,10.0918923611111,9.768,10.553
2017-04-25,2017,Apr,2016-2017,1,,2,9.866,9.9895,9.98919444444445,9.768,10.161
2017-04-26,2017,Apr,2016-2017,1,,2,9.866,9.965,9.95444444444445,9.866,10.063
2017-04-27,2017,Apr,2016-2017,1,,2,9.965,9.965,10.0297309027778,9.669,10.455
2017-04-28,2017,Apr,2016-2017,1,,2,10.063,10.063,10.0332534722222,9.472,10.357
2017-04-29,2017,Apr,2016-2017,1,,2,9.768,9.965,9.93864409722222,9.669,10.063
2017-04-30,2017,Apr,2016-2017,1,,2,9.768,9.768,9.76924305555556,9.669,9.866
2017-05-01,2017,May,2016-2017,1,,2,9.965,9.768,9.85002604166667,9.669,10.651
2017-05-02,2017,May,2016-2017,1,,2,9.768,9.768,9.86661284722222,9.669,10.161
2017-05-03,2017,May,2016-2017,1,,2,9.965,9.866,9.85281770833334,9.669,10.161
2017-05-04,2017,May,2016-2017,1,,2,9.866,9.965,9.93270659722222,9.768,10.161
2017-05-05,2017,May,2016-2017,1,,2,9.866,9.866,9.90920833333333,9.768,10.063
2017-05-06,2017,May,2016-2017,1,,2,9.866,9.866,9.99294444444444,9.669,10.455
2017-05-07,2017,May,2016-2017,1,,2,9.965,9.965,10.0095295138889,9.866,10.259
2017-05-08,2017,May,2016-2017,1,,2,9.965,9.965,9.98473611111111,9.965,10.063
2017-05-09,2017,May,2016-2017,1,,2,10.063,10.063,10.13496875,9.965,10.455
2017-05-10,2017,May,2016-2017,1,,2,10.259,10.161,10.2082986111111,10.063,10.455
2017-05-11,2017,May,2016-2017,1,,2,10.455,10.357,10.3648263888889,10.259,10.553
2017-05-12,2017,May,2016-2017,1,,2,10.846,10.553,10.5501614583333,10.357,10.846
2017-05-13,2017,May,2016-2017,1,,2,10.455,10.748,10.7767274305556,10.455,11.041
2017-05-14,2017,May,2016-2017,1,,2,10.651,10.63875,10.5973402777778,10.455,10.748
2017-05-15,2017,May,2016-2017,1,,2,10.553,10.553,10.5402395833333,10.455,10.651
2017-05-16,2017,May,2016-2017,1,,2,10.944,10.748,10.646390625,10.259,10.944
2017-05-17,2017,May,2016-2017,1,,2,10.944,10.944,10.9837152777778,10.846,11.528
2017-05-18,2017,May,2016-2017,1,,2,11.139,11.1145,11.0863697916667,10.944,11.334
2017-05-19,2017,May,2016-2017,1,,2,11.625,11.3825,11.3697395833333,11.041,11.819
2017-05-20,2017,May,2016-2017,1,,2,12.497,11.7705,11.9124027777778,11.431,12.497
2017-05-21,2017,May,2016-2017,1,,2,12.207,12.207,12.2321840277778,11.916,12.69
2017-05-22,2017,May,2016-2017,1,,2,11.916,12.207,12.1797552083333,11.916,12.594
2017-05-23,2017,May,2016-2017,1,,2,11.819,12.000875,11.9936336805556,11.722,12.304
2017-05-24,2017,May,2016-2017,1,,2,11.236,11.916,11.9704288194444,10.944,12.69
2017-05-25,2017,May,2016-2017,1,,2,10.748,11.722,11.6057638888889,10.748,12.207
2017-05-26,2017,May,2016-2017,1,,2,10.846,11.139,11.1224895833333,10.455,11.819
2017-05-27,2017,May,2016-2017,1,,2,10.748,10.83375,10.81753125,10.455,11.236
2017-05-28,2017,May,2016-2017,1,,2,10.651,10.651,10.6798628472222,10.357,11.236
2017-05-29,2017,May,2016-2017,1,,2,10.651,10.61425,10.6201388888889,10.455,10.846
2017-05-30,2017,May,2016-2017,1,,2,10.651,10.553,10.6439236111111,10.455,11.041
2017-05-31,2017,May,2016-2017,1,,2,10.748,10.651,10.6871788194444,10.553,10.944
2017-06-01,2017,Jun,2016-2017,1,,2,11.041,10.846,10.8657413194444,10.748,11.041
2017-06-02,2017,Jun,2016-2017,1,,2,11.041,10.944,11.0047777777778,10.846,11.236
2017-06-03,2017,Jun,2016-2017,1,,2,11.139,11.041,11.0348715277778,10.748,11.528
2017-06-04,2017,Jun,2016-2017,1,,2,11.334,11.334,11.2873836805556,11.139,11.528
2017-06-05,2017,Jun,2016-2017,1,,2,11.431,11.431,11.4773107638889,11.334,11.722
2017-06-06,2017,Jun,2016-2017,1,,2,12.497,11.5765,11.7962256944444,11.431,12.497
2017-06-07,2017,Jun,2016-2017,1,,2,12.883,12.497,12.44265625,11.916,12.883
2017-06-08,2017,Jun,2016-2017,1,,2,12.497,12.594,12.7036423611111,12.497,12.98
2017-06-09,2017,Jun,2016-2017,1,,2,12.594,12.449,12.5096440972222,12.11,12.883
2017-06-10,2017,Jun,2016-2017,1,,2,12.304,12.533375,12.5553159722222,12.304,12.883
2017-06-11,2017,Jun,2016-2017,1,,2,11.722,12.401,12.3201493055556,11.722,12.69
2017-06-12,2017,Jun,2016-2017,1,,2,12.11,12.32825,12.28075,11.722,12.594
2017-06-13,2017,Jun,2016-2017,1,,2,12.304,12.304,12.2980173611111,12.11,12.69
2017-06-14,2017,Jun,2016-2017,1,,2,12.304,12.207,12.2264861111111,12.013,12.497
2017-06-15,2017,Jun,2016-2017,1,,2,12.497,12.401,12.4170815972222,12.304,12.594
2017-06-16,2017,Jun,2016-2017,1,,2,12.594,12.497,12.4036857638889,12.11,12.594
2017-06-17,2017,Jun,2016-2017,1,,2,12.98,12.69,12.7357465277778,12.497,13.269
2017-06-18,2017,Jun,2016-2017,1,,2,13.173,13.076,13.1313732638889,12.98,13.365
2017-06-19,2017,Jun,2016-2017,1,,2,12.69,13.269,13.1385052083333,12.69,13.365
2017-06-20,2017,Jun,2016-2017,1,,2,12.883,12.883,12.9130052083333,12.69,13.269
2017-06-21,2017,Jun,2016-2017,1,,2,13.173,12.883,13.0065451388889,12.787,13.461
2017-06-22,2017,Jun,2016-2017,1,,2,13.269,13.269,13.3536111111111,12.98,13.75
2017-06-23,2017,Jun,2016-2017,1,,2,13.461,13.497375,13.5057777777778,13.076,13.942
2017-06-24,2017,Jun,2016-2017,1,,2,13.365,13.69,13.6718402777778,13.173,14.038
2017-06-25,2017,Jun,2016-2017,1,,2,13.365,13.618,13.6063333333333,13.269,14.038
2017-06-26,2017,Jun,2016-2017,1,,2,13.365,13.618,13.6516388888889,13.365,14.325
2017-06-27,2017,Jun,2016-2017,1,,2,12.69,13.413,13.3942482638889,12.69,14.134
2017-06-28,2017,Jun,2016-2017,1,,2,12.883,12.883,12.9476371527778,12.594,13.654
2017-06-29,2017,Jun,2016-2017,1,,2,13.076,12.98,12.9478802083333,12.594,13.558
2017-06-30,2017,Jun,2016-2017,1,,2,12.883,12.9315,13.0066961805556,12.787,13.558
2017-07-01,2017,Jul,2016-2017,1,,2,12.98,12.883,12.8723802083333,12.69,12.98
2017-07-02,2017,Jul,2016-2017,1,,2,12.98,12.98,13.0173055555556,12.883,13.269
2017-07-03,2017,Jul,2016-2017,1,,2,13.365,13.233,13.2747552083333,12.98,13.846
2017-07-04,2017,Jul,2016-2017,1,,2,13.558,13.5095,13.5658107638889,13.269,14.038
2017-07-05,2017,Jul,2016-2017,1,,2,13.942,13.654,13.6978125,13.269,14.038
2017-07-06,2017,Jul,2016-2017,1,,2,13.75,14.038,13.9876666666667,13.654,14.23
2017-07-07,2017,Jul,2016-2017,1,,2,13.654,13.846,13.7753402777778,13.365,14.134
2017-07-08,2017,Jul,2016-2017,1,,2,13.461,13.69,13.6916545138889,13.461,13.942
2017-07-09,2017,Jul,2016-2017,1,,2,13.365,13.57,13.6424375,13.269,14.038
2017-07-10,2017,Jul,2016-2017,1,,2,13.173,13.461,13.4817708333333,13.173,13.942
2017-07-11,2017,Jul,2016-2017,1,,2,13.173,13.173,13.1726319444444,12.98,13.558
2017-07-12,2017,Jul,2016-2017,1,,2,13.365,13.173,13.1703055555556,12.98,13.365
2017-07-13,2017,Jul,2016-2017,1,,2,13.558,13.365,13.4227829861111,13.269,13.846
2017-07-14,2017,Jul,2016-2017,1,,2,13.846,13.666,13.6719375,13.365,14.038
2017-07-15,2017,Jul,2016-2017,1,,2,13.75,13.654,13.672625,13.461,14.038
2017-07-16,2017,Jul,2016-2017,1,,2,14.325,14.038,14.0400017361111,13.654,14.421
2017-07-17,2017,Jul,2016-2017,1,,2,14.517,14.421,14.3888611111111,14.038,14.9
2017-07-18,2017,Jul,2016-2017,1,,2,14.517,14.517,14.5528680555556,14.038,15.091
2017-07-19,2017,Jul,2016-2017,1,,2,14.613,14.613,14.7607222222222,14.325,15.378
2017-07-20,2017,Jul,2016-2017,1,,2,14.517,14.709,14.8109861111111,14.421,15.378
2017-07-21,2017,Jul,2016-2017,1,,2,14.613,14.709,14.6645486111111,14.421,14.804
2017-07-22,2017,Jul,2016-2017,1,,2,14.613,14.613,14.6082222222222,14.421,14.804
2017-07-23,2017,Jul,2016-2017,1,,2,14.613,14.661,14.7862847222222,14.421,15.282
2017-07-24,2017,Jul,2016-2017,1,,2,14.421,14.804,14.8219375,14.421,15.091
2017-07-25,2017,Jul,2016-2017,1,,2,14.613,14.613,14.6223680555556,14.325,14.9
2017-07-26,2017,Jul,2016-2017,1,,2,14.517,14.517,14.5504375,14.23,14.996
2017-07-27,2017,Jul,2016-2017,1,,2,14.517,14.421,14.4237986111111,14.23,14.9
2017-07-28,2017,Jul,2016-2017,1,,2,14.421,14.421,14.4312083333333,14.23,15.091
2017-07-29,2017,Jul,2016-2017,1,,2,14.804,14.649,14.6375364583333,14.421,14.804
2017-07-30,2017,Jul,2016-2017,1,,2,14.709,14.804,14.8045329861111,14.613,15.187
2017-07-31,2017,Jul,2016-2017,1,,2,14.996,14.96,14.9055850694444,14.613,15.378
2017-08-01,2017,Aug,2016-2017,1,,2,15.378,15.282,15.2802118055556,14.9,15.76
2017-08-02,2017,Aug,2016-2017,1,,2,15.664,15.664,15.6703020833333,15.282,16.237
2017-08-03,2017,Aug,2016-2017,1,,2,15.473,15.664,15.721484375,15.473,16.237
2017-08-04,2017,Aug,2016-2017,1,,2,14.996,15.676,15.6816059027778,14.9,16.046
2017-08-05,2017,Aug,2016-2017,1,,2,15.187,15.187,15.194453125,14.9,15.569
2017-08-06,2017,Aug,2016-2017,1,,2,14.9,15.091,15.1262065972222,14.9,15.378
2017-08-07,2017,Aug,2016-2017,1,,2,14.038,14.709,14.7553784722222,14.038,15.091
2017-08-08,2017,Aug,2016-2017,1,,2,14.038,14.17,14.1998194444444,14.038,14.709
2017-08-09,2017,Aug,2016-2017,1,,2,13.461,13.882,13.9029947916667,13.461,14.23
2017-08-10,2017,Aug,2016-2017,1,,2,13.461,13.365,13.4245277777778,13.269,13.846
2017-08-11,2017,Aug,2016-2017,1,,2,13.076,13.004,13.0728420138889,12.883,13.461
2017-08-12,2017,Aug,2016-2017,1,,2,12.883,12.787,12.8655017361111,12.69,13.365
2017-08-13,2017,Aug,2016-2017,1,,2,13.269,13.076,13.0895034722222,12.883,13.461
2017-08-14,2017,Aug,2016-2017,1,,2,13.076,13.173,13.2430711805556,13.076,13.846
2017-08-15,2017,Aug,2016-2017,1,,2,13.173,13.173,13.2976232638889,13.076,13.75
2017-08-16,2017,Aug,2016-2017,1,,2,13.461,13.365,13.3627013888889,13.173,13.75
2017-08-17,2017,Aug,2016-2017,1,,2,13.461,13.558,13.5362361111111,13.365,13.75
2017-08-18,2017,Aug,2016-2017,1,,2,13.654,13.606,13.6573246527778,13.461,14.134
2017-08-19,2017,Aug,2016-2017,1,,2,13.846,13.846,13.8923333333333,13.654,14.23
2017-08-20,2017,Aug,2016-2017,1,,2,13.846,13.858,13.888,13.75,14.038
2017-08-21,2017,Aug,2016-2017,1,,2,13.942,13.858,13.9325,13.75,14.134
2017-08-22,2017,Aug,2016-2017,1,,2,13.942,14.014,13.994,13.846,14.134
2017-08-23,2017,Aug,2016-2017,1,,2,13.846,14.134,14.0814722222222,13.846,14.325
2017-08-24,2017,Aug,2016-2017,1,,2,13.942,13.954,13.9718125,13.846,14.421
2017-08-25,2017,Aug,2016-2017,1,,2,13.846,13.846,13.8635,13.846,14.038
2017-08-26,2017,Aug,2016-2017,1,,2,13.846,13.75,13.7853333333333,13.75,13.942
2017-08-27,2017,Aug,2016-2017,1,,2,14.134,14.134,13.9768333333333,13.654,14.23
2017-08-28,2017,Aug,2016-2017,1,,2,14.325,14.23,14.2466128472222,13.942,14.804
2017-08-29,2017,Aug,2016-2017,1,,2,15.664,14.768375,14.7364670138889,14.325,15.664
2017-08-30,2017,Aug,2016-2017,1,,2,14.996,15.33,15.2819513888889,14.804,15.76
2017-08-31,2017,Aug,2016-2017,1,,2,15.091,14.996,15.1078072916667,14.996,15.378
2017-09-01,2017,Sep,2016-2017,1,,2,15.187,15.187,15.168,15.091,15.282
2017-09-02,2017,Sep,2016-2017,1,,2,14.996,15.091,15.112234375,14.996,15.282
2017-09-03,2017,Sep,2016-2017,1,,2,14.996,14.996,15.0648888888889,14.9,15.282
2017-09-04,2017,Sep,2016-2017,1,,2,15.187,15.198875,15.2228975694444,14.996,15.378
2017-09-05,2017,Sep,2016-2017,1,,2,15.378,15.461125,15.4391892361111,15.187,15.76
2017-09-06,2017,Sep,2016-2017,1,,2,15.187,15.389875,15.4908802083333,15.091,15.951
2017-09-07,2017,Sep,2016-2017,1,,2,15.091,15.187,15.2154305555556,15.091,15.473
2017-09-08,2017,Sep,2016-2017,1,,2,14.9,14.996,14.9854774305556,14.9,15.187
2017-09-09,2017,Sep,2016-2017,1,,2,14.709,14.852,14.8949982638889,14.709,15.282
2017-09-10,2017,Sep,2016-2017,1,,2,14.804,14.720875,14.7643350694444,14.709,14.9
2017-09-11,2017,Sep,2016-2017,1,,2,15.091,14.96,14.919328125,14.613,15.091
2017-09-12,2017,Sep,2016-2017,1,,2,14.996,14.9,14.9618663194444,14.804,15.282
2017-09-13,2017,Sep,2016-2017,1,,2,14.709,14.709,14.7478454861111,14.613,14.996
2017-09-14,2017,Sep,2016-2017,1,,2,14.613,14.661,14.7254166666667,14.517,15.091
2017-09-15,2017,Sep,2016-2017,1,,2,14.996,14.7565,14.8501961805556,14.517,15.282
2017-09-16,2017,Sep,2016-2017,1,,2,14.23,14.613,14.5956076388889,14.134,14.996
2017-09-17,2017,Sep,2016-2017,1,,2,13.846,13.99,14.0184305555556,13.558,14.325
2017-09-18,2017,Sep,2016-2017,1,,2,13.461,13.558,13.5997725694444,13.461,13.846
2017-09-19,2017,Sep,2016-2017,1,,2,13.75,13.654,13.5702829861111,12.787,13.846
2017-09-20,2017,Sep,2016-2017,1,,2,13.75,13.75,13.7118055555556,13.269,13.942
2017-09-21,2017,Sep,2016-2017,1,,2,13.654,13.75,13.6579166666667,12.98,13.942
2017-09-22,2017,Sep,2016-2017,1,,2,13.558,13.461,13.4834166666667,13.365,13.654
2017-09-23,2017,Sep,2016-2017,1,,2,13.076,13.389,13.29490625,13.076,13.558
2017-09-24,2017,Sep,2016-2017,1,,2,12.883,12.95575,12.9425017361111,12.883,13.076
2017-09-25,2017,Sep,2016-2017,1,,2,12.883,12.883,12.841,12.787,12.883
2017-09-26,2017,Sep,2016-2017,1,,2,12.98,12.98,12.9501440972222,12.883,13.076
2017-09-27,2017,Sep,2016-2017,1,,2,13.269,13.173,13.1507899305556,12.98,13.365
2017-09-28,2017,Sep,2016-2017,1,,2,13.365,13.365,13.3728541666667,13.269,13.558
2017-09-29,2017,Sep,2016-2017,1,,2,13.654,13.461,13.467609375,13.269,13.654
2017-09-30,2017,Sep,2016-2017,1,,2,13.365,13.654,13.610828125,13.365,13.846
2017-10-01,2017,Oct,2017-2018,1,,2,13.269,13.461,13.4420486111111,13.269,13.654
2017-10-02,2017,Oct,2017-2018,1,,2,13.076,13.269,13.2432170138889,12.98,13.365
2017-10-03,2017,Oct,2017-2018,1,,2,12.98,13.076,13.0770555555556,12.98,13.173
2017-10-04,2017,Oct,2017-2018,1,,2,12.594,12.787,12.63959375,11.819,12.98
2017-10-05,2017,Oct,2017-2018,1,,2,12.497,12.5455,12.3847864583333,11.431,12.69
2017-10-06,2017,Oct,2017-2018,1,,2,12.497,12.497,12.5032152777778,12.304,12.594
2017-10-07,2017,Oct,2017-2018,1,,2,12.401,12.497,12.4502708333333,12.013,12.787
2017-10-08,2017,Oct,2017-2018,1,,2,12.304,12.401,12.3032447916667,11.819,12.594
2017-10-09,2017,Oct,2017-2018,1,,2,12.11,12.1585,12.1622048611111,12.11,12.304
2017-10-10,2017,Oct,2017-2018,1,,2,11.722,12.013,11.9860555555556,11.722,12.11
2017-10-11,2017,Oct,2017-2018,1,,2,11.819,11.819,11.7602274305556,11.625,11.819
2017-10-12,2017,Oct,2017-2018,1,,2,11.722,11.722,11.7686475694444,11.722,11.916
2017-10-13,2017,Oct,2017-2018,1,,2,11.528,11.528,11.5168854166667,11.431,11.722
2017-10-14,2017,Oct,2017-2018,1,,2,11.139,11.431,11.3532100694444,11.041,11.528
2017-10-15,2017,Oct,2017-2018,1,,2,10.846,10.846,10.8694739583333,10.651,11.139
2017-10-16,2017,Oct,2017-2018,1,,2,10.748,10.80925,10.7998923611111,10.748,10.846
2017-10-17,2017,Oct,2017-2018,1,,2,10.748,10.846,10.8330694444444,10.748,10.944
2017-10-18,2017,Oct,2017-2018,1,,2,10.259,10.553,10.5401267361111,10.259,10.748
2017-10-19,2017,Oct,2017-2018,1,,2,9.866,10.063,10.0894809027778,9.866,10.259
2017-10-20,2017,Oct,2017-2018,1,,2,10.161,10.161,10.1480572916667,9.866,10.455
2017-10-21,2017,Oct,2017-2018,1,,2,9.571,9.965,9.94047569444445,9.571,10.161
2017-10-22,2017,Oct,2017-2018,1,,2,9.669,9.669,9.64446180555555,9.571,9.768
2017-10-23,2017,Oct,2017-2018,1,,2,9.866,9.7185,9.82397048611112,9.669,10.161
2017-10-24,2017,Oct,2017-2018,1,,2,9.965,9.965,9.93034201388889,9.768,10.161
2017-10-25,2017,Oct,2017-2018,1,,2,10.161,10.05075,10.045625,9.866,10.161
2017-10-26,2017,Oct,2017-2018,1,,2,10.063,10.063,10.0679340277778,9.965,10.259
2017-10-27,2017,Oct,2017-2018,1,,2,9.866,9.866,9.85771006944444,9.571,10.063
2017-10-28,2017,Oct,2017-2018,1,,2,9.866,9.58325,9.58831944444444,9.275,9.866
2017-10-29,2017,Oct,2017-2018,1,,2,9.669,9.669,9.685265625,9.571,9.866
2017-10-30,2017,Oct,2017-2018,1,,2,9.472,9.373,9.40984895833334,9.176,9.669
2017-10-31,2017,Oct,2017-2018,1,,2,9.373,9.373,9.400671875,9.373,9.472
2017-11-01,2017,Nov,2017-2018,1,,2,9.373,9.62,9.56708333333333,9.275,9.768
2017-11-02,2017,Nov,2017-2018,1,,2,8.581,8.7295,8.49548611111111,6.674,9.472
2017-11-03,2017,Nov,2017-2018,1,,2,9.077,8.829,8.55545833333333,5.45,9.373
2017-11-04,2017,Nov,2017-2018,1,,2,8.382,8.3695,8.28542881944444,7.381,9.077
2017-11-05,2017,Nov,2017-2018,1,,2,8.382,7.581625,7.62459722222222,6.674,8.581
2017-11-06,2017,Nov,2017-2018,1,,2,8.382,7.456125,7.50463888888889,6.877,8.382
2017-11-07,2017,Nov,2017-2018,1,,2,8.182,8.1695,8.09634027777778,7.682,8.382
2017-11-08,2017,Nov,2017-2018,1,,2,7.882,8.182,8.09863194444445,7.682,8.282
2017-11-09,2017,Nov,2017-2018,1,,2,8.082,8.282,8.23445833333334,7.882,8.382
2017-11-10,2017,Nov,2017-2018,1,,2,8.182,8.282,8.25821527777778,8.082,8.382
2017-11-11,2017,Nov,2017-2018,1,,2,8.182,8.182,8.18338888888889,8.082,8.282
2017-11-12,2017,Nov,2017-2018,1,,2,8.082,8.182,8.21203472222222,8.082,8.282
2017-11-13,2017,Nov,2017-2018,1,,2,8.282,8.182,8.13377777777778,7.782,8.282
2017-11-14,2017,Nov,2017-2018,1,,2,8.282,8.282,8.22713888888889,8.082,8.282
2017-11-15,2017,Nov,2017-2018,1,,2,8.182,8.182,8.21550694444445,8.082,8.282
2017-11-16,2017,Nov,2017-2018,1,,2,8.282,8.182,8.2054375,8.082,8.382
2017-11-17,2017,Nov,2017-2018,1,,2,7.983,8.257,8.17984548611111,7.782,8.382
2017-11-18,2017,Nov,2017-2018,1,,2,8.282,8.282,8.19553645833333,7.983,8.382
2017-11-19,2017,Nov,2017-2018,1,,2,8.282,8.382,8.33477777777778,8.282,8.382
2017-11-20,2017,Nov,2017-2018,1,,2,8.082,8.282,8.17302083333333,7.481,8.481
2017-11-21,2017,Nov,2017-2018,1,,2,8.182,8.082,8.08939583333333,7.381,8.382
2017-11-22,2017,Nov,2017-2018,1,,2,8.581,8.481,8.46586979166666,8.182,8.581
2017-11-23,2017,Nov,2017-2018,1,,2,8.282,8.4315,8.46743576388889,8.282,8.581
2017-11-24,2017,Nov,2017-2018,1,,2,8.481,8.382,8.37285590277778,8.182,8.581
2017-11-25,2017,Nov,2017-2018,1,,2,8.581,8.68,8.63365972222222,8.481,8.68
2017-11-26,2017,Nov,2017-2018,1,,2,8.481,8.481,8.47929861111111,8.382,8.581
2017-11-27,2017,Nov,2017-2018,1,,2,8.182,8.481,8.48510243055556,8.082,8.68
2017-11-28,2017,Nov,2017-2018,1,,2,8.779,8.506,8.56155381944444,8.082,8.879
2017-11-29,2017,Nov,2017-2018,1,,2,8.382,8.481,8.49571006944444,8.382,8.879
2017-11-30,2017,Nov,2017-2018,1,,2,8.382,8.3445,8.3195,8.182,8.382
2017-12-01,2017,Dec,2017-2018,1,,2,8.282,8.382,8.39847916666667,8.182,8.581
2017-12-02,2017,Dec,2017-2018,1,,2,8.282,7.807,7.82533333333333,6.877,8.282
2017-12-03,2017,Dec,2017-2018,1,,2,7.782,7.882,7.74347916666667,6.573,8.282
2017-12-04,2017,Dec,2017-2018,1,,2,7.682,7.494,7.48679166666667,7.179,7.882
2017-12-05,2017,Dec,2017-2018,1,,2,7.882,7.782,7.79226388888889,7.582,7.983
2017-12-06,2017,Dec,2017-2018,1,,2,7.582,7.6445,7.53686805555556,6.877,7.882
2017-12-07,2017,Dec,2017-2018,1,,2,6.674,7.254625,7.25611805555556,6.471,7.882
2017-12-08,2017,Dec,2017-2018,1,,2,6.775,7.015875,7.09514409722222,6.471,7.682
2017-12-09,2017,Dec,2017-2018,1,,2,7.481,7.582,7.45142013888889,6.775,7.582
2017-12-10,2017,Dec,2017-2018,1,,2,7.682,7.582,7.60926909722222,7.481,7.682
2017-12-11,2017,Dec,2017-2018,1,,2,7.481,7.582,7.59808506944444,7.381,7.682
2017-12-12,2017,Dec,2017-2018,1,,2,7.882,7.882,7.83065798611111,7.481,7.983
2017-12-13,2017,Dec,2017-2018,1,,2,7.782,7.782,7.79189583333333,7.682,7.882
2017-12-14,2017,Dec,2017-2018,1,,2,7.782,7.782,7.76602777777777,7.682,7.882
2017-12-15,2017,Dec,2017-2018,1,,2,7.782,7.782,7.782,7.682,7.882
2017-12-16,2017,Dec,2017-2018,1,,2,7.582,7.6695,7.61616666666667,7.381,7.782
2017-12-17,2017,Dec,2017-2018,1,,2,7.983,8.082,8.00078993055555,7.582,8.182
2017-12-18,2017,Dec,2017-2018,1,,2,7.782,7.970375,7.93129340277778,7.682,8.082
2017-12-19,2017,Dec,2017-2018,1,,2,7.582,7.582,7.45847222222222,6.064,8.481
2017-12-20,2017,Dec,2017-2018,1,,2,6.978,7.0285,7.06593055555556,5.757,8.282
2017-12-21,2017,Dec,2017-2018,1,,2,7.179,6.965375,6.99813020833333,6.674,7.381
2017-12-22,2017,Dec,2017-2018,1,,2,5.86,6.69925,6.65915798611111,5.141,7.682
2017-12-23,2017,Dec,2017-2018,1,,2,5.347,5.795625,5.74796006944444,4.727,6.573
2017-12-24,2017,Dec,2017-2018,1,,2,5.962,5.8085,5.84692534722222,5.347,6.37
2017-12-25,2017,Dec,2017-2018,1,,2,5.244,6.17875,6.10823958333334,5.244,6.775
2017-12-26,2017,Dec,2017-2018,1,,2,5.757,5.655,5.63100520833333,5.244,5.962
2017-12-27,2017,Dec,2017-2018,1,,2,5.962,6.115,6.17440798611111,5.757,6.775
2017-12-28,2017,Dec,2017-2018,1,,2,6.268,6.30625,6.36676041666667,5.86,6.674
2017-12-29,2017,Dec,2017-2018,1,,2,6.166,6.37,6.30930902777778,5.757,6.775
2017-12-30,2017,Dec,2017-2018,1,,2,6.573,5.52675,5.52987673611111,4.727,6.573
2017-12-31,2017,Dec,2017-2018,1,,2,6.674,5.82125,5.86006770833333,4.934,6.674
2018-01-01,2018,Jan,2017-2018,1,,2,6.775,6.471,6.36907465277778,5.86,6.775
2018-01-02,2018,Jan,2017-2018,1,,2,6.978,6.585625,6.51294618055556,6.064,6.978
2018-01-03,2018,Jan,2017-2018,1,,2,7.179,6.83875,6.76581076388889,6.268,7.179
2018-01-04,2018,Jan,2017-2018,1,,2,7.079,7.079,7.05151388888889,6.775,7.28
2018-01-05,2018,Jan,2017-2018,1,,2,7.079,7.179,7.18492361111111,7.079,7.28
2018-01-06,2018,Jan,2017-2018,1,,2,7.179,7.179,7.19935416666667,7.079,7.28
2018-01-07,2018,Jan,2017-2018,1,,2,7.582,7.28,7.39040451388889,7.079,7.582
2018-01-08,2018,Jan,2017-2018,1,,2,7.882,7.882,7.88245138888889,7.582,8.082
2018-01-09,2018,Jan,2017-2018,1,,2,7.179,7.381,7.519171875,7.179,7.882
2018-01-10,2018,Jan,2017-2018,1,,2,6.877,7.569375,7.45570486111111,6.877,7.782
2018-01-11,2018,Jan,2017-2018,1,,2,6.37,6.573,6.43987326388889,5.347,7.079
2018-01-12,2018,Jan,2017-2018,1,,2,6.877,5.8085,6.01991145833333,5.244,6.978
2018-01-13,2018,Jan,2017-2018,1,,2,7.381,7.079,7.03709722222222,6.674,7.381
2018-01-14,2018,Jan,2017-2018,1,,2,7.481,7.28,7.32884722222222,7.179,7.481
2018-01-15,2018,Jan,2017-2018,1,,2,7.481,7.481,7.47136111111111,7.381,7.582
2018-01-16,2018,Jan,2017-2018,1,,2,7.682,7.632,7.63094965277778,7.481,7.682
2018-01-17,2018,Jan,2017-2018,1,,2,7.882,7.682,7.68858333333333,7.481,7.882
2018-01-18,2018,Jan,2017-2018,1,,2,7.983,7.983,7.98706770833333,7.882,8.082
2018-01-19,2018,Jan,2017-2018,1,,2,7.782,7.894625,7.93334895833333,7.782,8.082
2018-01-20,2018,Jan,2017-2018,1,,2,7.682,7.782,7.78009027777778,7.582,7.882
2018-01-21,2018,Jan,2017-2018,1,,2,7.582,7.682,7.73703472222222,7.582,7.882
2018-01-22,2018,Jan,2017-2018,1,,2,7.682,7.682,7.65960416666667,7.582,7.682
2018-01-23,2018,Jan,2017-2018,1,,2,7.582,7.481,7.46738194444444,7.28,7.682
2018-01-24,2018,Jan,2017-2018,1,,2,7.381,7.582,7.56055034722222,7.28,7.782
2018-01-25,2018,Jan,2017-2018,1,,2,7.381,7.481,7.42467361111111,7.179,7.582
2018-01-26,2018,Jan,2017-2018,1,,2,6.978,7.381,7.32553298611111,6.978,7.481
2018-01-27,2018,Jan,2017-2018,1,,2,6.978,7.079,7.16310416666667,6.775,7.682
2018-01-28,2018,Jan,2017-2018,1,,2,7.28,7.066375,6.98930902777778,6.37,7.381
2018-01-29,2018,Jan,2017-2018,1,,2,7.682,7.582,7.53357291666667,7.28,7.682
2018-01-30,2018,Jan,2017-2018,1,,2,7.782,7.6695,7.62334722222222,7.28,7.782
2018-01-31,2018,Jan,2017-2018,1,,2,7.381,7.481,7.52214756944445,7.079,7.782
2018-02-01,2018,Feb,2017-2018,1,,2,7.28,7.2295,7.26336979166667,7.079,7.481
2018-02-02,2018,Feb,2017-2018,1,,2,7.481,7.381,7.38331076388889,7.28,7.582
2018-02-03,2018,Feb,2017-2018,1,,2,7.481,7.5315,7.5259375,7.381,7.582
2018-02-04,2018,Feb,2017-2018,1,,2,7.481,7.481,7.481,7.481,7.481
2018-02-05,2018,Feb,2017-2018,1,,2,7.682,7.582,7.585609375,7.481,7.682
2018-02-06,2018,Feb,2017-2018,1,,2,7.481,7.582,7.563265625,7.481,7.682
2018-02-07,2018,Feb,2017-2018,1,,2,7.481,7.481,7.45669444444444,7.381,7.481
2018-02-08,2018,Feb,2017-2018,1,,2,7.481,7.582,7.58034027777778,7.481,7.782
2018-02-09,2018,Feb,2017-2018,1,,2,7.079,7.3935,7.34001736111111,6.877,7.582
2018-02-10,2018,Feb,2017-2018,1,,2,6.775,7.179,7.18804166666667,6.775,7.381
2018-02-11,2018,Feb,2017-2018,1,,2,6.268,6.573,6.47347048611111,6.064,6.775
2018-02-12,2018,Feb,2017-2018,1,,2,6.674,6.268,6.03853819444444,5.141,6.877
2018-02-13,2018,Feb,2017-2018,1,,2,6.674,6.471,6.46344444444445,6.166,6.775
2018-02-14,2018,Feb,2017-2018,1,,2,6.877,6.978,6.894515625,6.674,7.079
2018-02-15,2018,Feb,2017-2018,1,,2,6.573,6.775,6.73581944444445,6.471,6.978
2018-02-16,2018,Feb,2017-2018,1,,2,7.179,6.978,6.88710069444445,6.471,7.381
2018-02-17,2018,Feb,2017-2018,1,,2,6.268,6.6235,6.52394965277778,5.037,7.179
2018-02-18,2018,Feb,2017-2018,1,,2,6.268,5.39725,5.3431875,3.578,6.471
2018-02-19,2018,Feb,2017-2018,1,,2,6.775,6.268,6.128765625,3.367,7.28
2018-02-20,2018,Feb,2017-2018,1,,2,6.268,6.471,6.33107465277778,4.934,7.079
2018-02-21,2018,Feb,2017-2018,1,,2,6.064,6.166,6.14584722222222,5.45,6.674
2018-02-22,2018,Feb,2017-2018,1,,2,6.573,6.166,5.99020659722222,4.934,6.573
2018-02-23,2018,Feb,2017-2018,1,,2,6.37,6.4965,6.51880381944445,6.37,6.775
2018-02-24,2018,Feb,2017-2018,1,,2,6.573,6.573,6.56830729166667,6.37,6.674
2018-02-25,2018,Feb,2017-2018,1,,2,6.775,6.674,6.64910069444445,6.573,6.775
2018-02-26,2018,Feb,2017-2018,1,,2,6.674,6.674,6.64111979166667,6.471,6.775
2018-02-27,2018,Feb,2017-2018,1,,2,6.775,6.7245,6.75193576388889,6.471,6.978
2018-02-28,2018,Feb,2017-2018,1,,2,6.674,6.59825,6.650328125,6.471,6.877
2018-03-01,2018,Mar,2017-2018,1,,2,6.775,6.7245,6.79109548611111,6.471,7.28
2018-03-02,2018,Mar,2017-2018,1,,2,6.674,6.636125,6.45441145833334,5.552,6.877
2018-03-03,2018,Mar,2017-2018,1,,2,6.775,6.674,6.47936631944444,5.347,7.079
2018-03-04,2018,Mar,2017-2018,1,,2,6.674,6.674,6.46793229166667,5.347,6.978
2018-03-05,2018,Mar,2017-2018,1,,2,6.674,6.686625,6.65477777777778,6.166,6.877
2018-03-06,2018,Mar,2017-2018,1,,2,6.775,6.775,6.66165104166667,5.962,6.978
2018-03-07,2018,Mar,2017-2018,1,,2,6.877,6.78775,6.79765625,6.37,7.079
2018-03-08,2018,Mar,2017-2018,1,,2,6.978,6.877,6.88699826388889,6.775,7.079
2018-03-09,2018,Mar,2017-2018,1,,2,6.877,6.877,6.84741145833333,6.674,6.978
2018-03-10,2018,Mar,2017-2018,1,,2,6.978,6.978,6.96201909722222,6.674,7.28
2018-03-11,2018,Mar,2017-2018,1,,2,6.978,6.978,6.94705555555556,6.775,7.079
2018-03-12,2018,Mar,2017-2018,1,,2,7.079,7.079,7.12740798611111,6.877,7.582
2018-03-13,2018,Mar,2017-2018,1,,2,7.079,7.104,7.14026388888889,7.079,7.381
2018-03-14,2018,Mar,2017-2018,1,,2,7.079,7.079,7.138125,6.978,7.582
2018-03-15,2018,Mar,2017-2018,1,,2,7.179,7.1415,7.22966666666667,6.775,7.983
2018-03-16,2018,Mar,2017-2018,1,,2,7.179,7.179,7.17758333333333,6.674,7.782
2018-03-17,2018,Mar,2017-2018,1,,2,7.28,7.28,7.312546875,7.179,7.682
2018-03-18,2018,Mar,2017-2018,1,,2,7.381,7.317875,7.25789409722222,6.573,7.682
2018-03-19,2018,Mar,2017-2018,1,,2,7.381,7.381,7.37157638888889,7.179,7.481
2018-03-20,2018,Mar,2017-2018,1,,2,7.28,7.381,7.36293923611111,7.28,7.381
2018-03-21,2018,Mar,2017-2018,1,,2,7.28,7.292625,7.30181944444444,6.978,7.381
2018-03-22,2018,Mar,2017-2018,1,,2,7.179,7.28,7.26544618055555,7.179,7.28
2018-03-23,2018,Mar,2017-2018,1,,2,7.28,7.179,7.15672743055556,6.573,7.481
2018-03-24,2018,Mar,2017-2018,1,,2,7.481,7.3935,7.40591493055556,7.179,7.882
2018-03-25,2018,Mar,2017-2018,1,,2,7.179,7.28,7.28464236111111,7.179,7.481
2018-03-26,2018,Mar,2017-2018,1,,2,7.582,7.481,7.42173784722222,7.079,7.582
2018-03-27,2018,Mar,2017-2018,1,,2,7.481,7.682,7.74384201388889,7.481,8.282
2018-03-28,2018,Mar,2017-2018,1,,2,7.481,7.582,7.65971527777778,7.381,7.983
2018-03-29,2018,Mar,2017-2018,1,,2,7.481,7.481,7.51817361111111,7.481,7.582
2018-03-30,2018,Mar,2017-2018,1,,2,7.682,7.707,7.76751215277778,7.481,8.282
2018-03-31,2018,Mar,2017-2018,1,,2,7.782,7.7945,7.76524305555555,7.381,8.082
2018-04-01,2018,Apr,2017-2018,1,,2,7.782,7.782,7.84381944444444,7.381,8.282
2018-04-02,2018,Apr,2017-2018,1,,2,7.682,7.7195,7.54351388888889,6.471,7.782
2018-04-03,2018,Apr,2017-2018,1,,2,7.782,7.782,7.74571527777777,7.582,7.882
2018-04-04,2018,Apr,2017-2018,1,,2,7.882,7.983,7.90421527777778,7.381,8.282
2018-04-05,2018,Apr,2017-2018,1,,2,7.782,7.882,7.90395138888889,7.782,8.082
2018-04-06,2018,Apr,2017-2018,1,,2,7.782,7.782,7.81961111111111,7.682,7.983
2018-04-07,2018,Apr,2017-2018,1,,2,7.782,7.782,7.69849305555555,7.481,7.882
2018-04-08,2018,Apr,2017-2018,1,,2,8.182,8.132,8.04386111111111,7.782,8.382
2018-04-09,2018,Apr,2017-2018,1,,2,8.082,8.182,8.16965972222222,7.983,8.481
2018-04-10,2018,Apr,2017-2018,1,,2,8.182,8.282,8.27735416666667,8.082,8.779
2018-04-11,2018,Apr,2017-2018,1,,2,8.082,8.082,8.09479166666666,7.983,8.182
2018-04-12,2018,Apr,2017-2018,1,,2,8.082,8.082,8.126625,7.882,8.581
2018-04-13,2018,Apr,2017-2018,1,,2,8.182,8.082,8.09260416666667,7.983,8.282
2018-04-14,2018,Apr,2017-2018,1,,2,8.082,8.082,8.10665277777778,7.983,8.282
2018-04-15,2018,Apr,2017-2018,1,,2,8.282,8.132,8.21270138888889,7.782,8.68
2018-04-16,2018,Apr,2017-2018,1,,2,8.282,8.382,8.40163888888889,8.082,8.68
2018-04-17,2018,Apr,2017-2018,1,,2,8.282,8.382,8.37573611111111,8.282,8.481
2018-04-18,2018,Apr,2017-2018,1,,2,8.481,8.481,8.44838368055556,8.182,8.68
2018-04-19,2018,Apr,2017-2018,1,,2,8.282,8.382,8.40226215277778,8.282,8.481
2018-04-20,2018,Apr,2017-2018,1,,2,8.481,8.382,8.36277951388889,8.282,8.481
2018-04-21,2018,Apr,2017-2018,1,,2,8.481,8.481,8.54465972222222,8.282,9.077
2018-04-22,2018,Apr,2017-2018,1,,2,8.68,8.68,8.71937673611111,8.382,9.472
2018-04-23,2018,Apr,2017-2018,1,,2,8.779,8.779,8.88348784722222,8.481,9.669
2018-04-24,2018,Apr,2017-2018,1,,2,9.472,9.176,9.25263020833333,8.779,10.063
2018-04-25,2018,Apr,2017-2018,1,,2,9.176,9.33625,9.38255555555556,8.879,10.063
2018-04-26,2018,Apr,2017-2018,1,,2,9.176,9.4225,9.463625,9.077,10.063
2018-04-27,2018,Apr,2017-2018,1,,2,9.768,9.669,9.66659722222222,9.176,10.161
2018-04-28,2018,Apr,2017-2018,1,,2,9.669,9.85375,10.0016788194444,9.669,10.846
2018-04-29,2018,Apr,2017-2018,1,,2,9.669,9.669,9.74913888888889,9.373,10.161
2018-04-30,2018,Apr,2017-2018,1,,2,9.669,9.669,9.72049305555556,9.472,10.161
2018-05-01,2018,May,2017-2018,1,,2,9.373,9.60775,9.61902083333334,9.373,9.965
2018-05-02,2018,May,2017-2018,1,,2,9.669,9.571,9.63657638888889,9.373,10.063
2018-05-03,2018,May,2017-2018,1,,2,9.472,9.571,9.59634201388889,9.472,9.866
2018-05-04,2018,May,2017-2018,1,,2,9.571,9.571,9.57262673611111,9.373,9.866
2018-05-05,2018,May,2017-2018,1,,2,9.768,9.768,9.80274131944445,9.373,10.259
2018-05-06,2018,May,2017-2018,1,,2,10.161,10.112,10.0495190972222,9.669,10.651
2018-05-07,2018,May,2017-2018,1,,2,10.748,10.308,10.4231753472222,10.161,10.846
2018-05-08,2018,May,2017-2018,1,,2,11.139,11.041,10.9774739583333,10.748,11.236
2018-05-09,2018,May,2017-2018,1,,2,11.139,11.139,11.2286527777778,10.846,11.625
2018-05-10,2018,May,2017-2018,1,,2,11.041,11.041,11.0291145833333,10.748,11.334
2018-05-11,2018,May,2017-2018,1,,2,11.139,11.139,11.1938854166667,10.846,11.722
2018-05-12,2018,May,2017-2018,1,,2,11.334,11.175375,11.2910711805556,10.944,11.819
2018-05-13,2018,May,2017-2018,1,,2,11.139,11.467375,11.3781579861111,10.748,11.722
2018-05-14,2018,May,2017-2018,1,,2,11.334,11.528,11.4781892361111,10.944,11.916
2018-05-15,2018,May,2017-2018,1,,2,11.139,11.334,11.3675954861111,11.041,11.722
2018-05-16,2018,May,2017-2018,1,,2,10.748,11.334,11.3089288194444,10.651,11.722
2018-05-17,2018,May,2017-2018,1,,2,10.553,11.199625,11.1679010416667,10.553,11.625
2018-05-18,2018,May,2017-2018,1,,2,10.944,11.041,11.0593836805556,10.602,11.625
2018-05-19,2018,May,2017-2018,1,,2,10.944,10.944,11.0574791666667,10.846,11.625
2018-05-20,2018,May,2017-2018,1,,2,10.944,10.944,10.9850763888889,10.846,11.334
2018-05-21,2018,May,2017-2018,1,,2,10.944,10.944,11.0426527777778,10.846,11.431
2018-05-22,2018,May,2017-2018,1,,2,11.139,11.139,11.1628211805556,10.944,11.431
2018-05-23,2018,May,2017-2018,1,,2,11.236,11.3095,11.4034079861111,11.139,11.916
2018-05-24,2018,May,2017-2018,1,,2,11.722,11.6735,11.70834375,11.236,12.401
2018-05-25,2018,May,2017-2018,1,,2,12.304,12.0615,12.10090625,11.722,12.401
2018-05-26,2018,May,2017-2018,1,,2,11.916,12.013,12.0561111111111,11.916,12.304
2018-05-27,2018,May,2017-2018,1,,2,11.528,11.819,11.8109166666667,11.528,12.013
2018-05-28,2018,May,2017-2018,1,,2,11.916,11.8675,11.9387638888889,11.528,12.497
2018-05-29,2018,May,2017-2018,1,,2,12.207,12.11,12.1344184027778,11.916,12.401
2018-05-30,2018,May,2017-2018,1,,2,12.207,12.304,12.3172777777778,12.11,12.594
2018-05-31,2018,May,2017-2018,1,,2,12.304,12.304,12.2754982638889,12.11,12.497
2018-06-01,2018,Jun,2017-2018,1,,2,12.013,12.11,12.144859375,12.013,12.401
2018-06-02,2018,Jun,2017-2018,1,,2,11.819,11.916,11.94328125,11.722,12.207
2018-06-03,2018,Jun,2017-2018,1,,2,12.11,11.928125,11.959953125,11.722,12.304
2018-06-04,2018,Jun,2017-2018,1,,2,11.916,12.207,12.2655868055556,11.916,12.69
2018-06-05,2018,Jun,2017-2018,1,,2,11.625,11.916,11.9286302083333,11.625,12.207
2018-06-06,2018,Jun,2017-2018,1,,2,11.722,11.625,11.5965399305556,11.528,11.722
2018-06-07,2018,Jun,2017-2018,1,,2,11.722,11.722,11.7577013888889,11.625,11.916
2018-06-08,2018,Jun,2017-2018,1,,2,11.528,11.625,11.6563229166667,11.431,11.916
2018-06-09,2018,Jun,2017-2018,1,,2,12.11,11.928125,12.0309409722222,11.528,12.98
2018-06-10,2018,Jun,2017-2018,1,,2,12.401,12.316125,12.4526961805556,12.11,13.076
2018-06-11,2018,Jun,2017-2018,1,,2,12.594,12.56975,12.8455677083333,12.401,14.134
2018-06-12,2018,Jun,2017-2018,1,,2,12.787,12.787,12.7729704861111,12.594,12.98
2018-06-13,2018,Jun,2017-2018,1,,2,12.497,12.594,12.6318020833333,12.497,12.787
2018-06-14,2018,Jun,2017-2018,1,,2,12.883,12.835,12.8690034722222,12.497,13.365
2018-06-15,2018,Jun,2017-2018,1,,2,12.98,13.14875,13.1388315972222,12.883,13.461
2018-06-16,2018,Jun,2017-2018,1,,2,12.11,13.341,13.2504340277778,12.013,13.846
2018-06-17,2018,Jun,2017-2018,1,,2,12.787,13.233,13.0970815972222,12.11,13.846
2018-06-18,2018,Jun,2017-2018,1,,2,13.461,13.377,13.2940590277778,12.69,14.038
2018-06-19,2018,Jun,2017-2018,1,,2,13.461,13.461,13.4257708333333,13.173,13.75
2018-06-20,2018,Jun,2017-2018,1,,2,13.076,13.269,13.2594392361111,12.98,13.558
2018-06-21,2018,Jun,2017-2018,1,,2,13.076,13.076,13.0915555555556,12.98,13.461
2018-06-22,2018,Jun,2017-2018,1,,2,13.558,13.413,13.3922881944444,13.076,13.942
2018-06-23,2018,Jun,2017-2018,1,,2,13.461,13.606,13.6412100694444,13.461,14.038
2018-06-24,2018,Jun,2017-2018,1,,2,13.461,13.558,13.5302291666667,13.365,13.75
2018-06-25,2018,Jun,2017-2018,1,,2,13.269,13.606,13.5812986111111,13.269,13.942
2018-06-26,2018,Jun,2017-2018,1,,2,13.461,13.53375,13.5805208333333,13.269,13.942
2018-06-27,2018,Jun,2017-2018,1,,2,13.654,13.654,13.674109375,13.461,13.942
2018-06-28,2018,Jun,2017-2018,1,,2,13.558,13.558,13.6292847222222,13.365,13.942
2018-06-29,2018,Jun,2017-2018,1,,2,13.654,13.558,13.6151111111111,13.461,13.75
2018-06-30,2018,Jun,2017-2018,1,,2,13.846,13.714,13.7576666666667,13.654,14.038
2018-07-01,2018,Jul,2017-2018,1,,2,14.038,13.906,13.8936666666667,13.654,14.038
2018-07-02,2018,Jul,2017-2018,1,,2,13.846,13.942,13.9636597222222,13.75,14.325
2018-07-03,2018,Jul,2017-2018,1,,2,13.942,13.846,13.8651666666667,13.75,14.23
2018-07-04,2018,Jul,2017-2018,1,,2,14.517,14.517,14.3510434027778,13.942,14.9
2018-07-05,2018,Jul,2017-2018,1,,2,14.9,14.433,14.464265625,13.942,14.9
2018-07-06,2018,Jul,2017-2018,1,,2,15.187,15.055375,15.073453125,14.9,15.378
2018-07-07,2018,Jul,2017-2018,1,,2,14.517,15.628375,15.5623645833333,14.517,16.713
2018-07-08,2018,Jul,2017-2018,1,,2,14.9,15.270125,15.3371684027778,14.517,16.141
2018-07-09,2018,Jul,2017-2018,1,,2,14.613,15.282,15.2461788194444,14.613,15.951
2018-07-10,2018,Jul,2017-2018,1,,2,14.804,15.187,15.2062447916667,14.613,15.664
2018-07-11,2018,Jul,2017-2018,1,,2,15.091,15.366,15.3101614583333,14.804,15.76
2018-07-12,2018,Jul,2017-2018,1,,2,13.558,15.187,15.1039184027778,13.461,15.76
2018-07-13,2018,Jul,2017-2018,1,,2,12.304,13.75,13.6935590277778,12.207,14.996
2018-07-14,2018,Jul,2017-2018,1,,2,12.883,13.209,13.130328125,12.304,14.134
2018-07-15,2018,Jul,2017-2018,1,,2,12.787,13.53375,13.4439652777778,12.787,14.421
2018-07-16,2018,Jul,2017-2018,1,,2,12.98,12.883,12.9229010416667,12.594,13.942
2018-07-17,2018,Jul,2017-2018,1,,2,12.98,12.883,12.9346666666667,12.69,13.75
2018-07-18,2018,Jul,2017-2018,1,,2,13.269,13.221,13.1686857638889,12.883,13.654
2018-07-19,2018,Jul,2017-2018,1,,2,12.98,13.209,13.2117586805556,12.883,13.75
2018-07-20,2018,Jul,2017-2018,1,,2,12.594,12.967875,12.8611493055556,12.497,13.076
2018-07-21,2018,Jul,2017-2018,1,,2,12.69,12.594,12.6230763888889,12.207,13.076
2018-07-22,2018,Jul,2017-2018,1,,2,12.883,12.883,12.9076440972222,12.69,13.269
2018-07-23,2018,Jul,2017-2018,1,,2,13.173,12.98,13.0100590277778,12.69,13.269
2018-07-24,2018,Jul,2017-2018,1,,2,13.365,13.269,13.2865625,13.076,13.461
2018-07-25,2018,Jul,2017-2018,1,,2,13.173,13.257,13.2738888888889,13.076,13.461
2018-07-26,2018,Jul,2017-2018,1,,2,13.076,13.317,13.3091545138889,13.076,13.461
2018-07-27,2018,Jul,2017-2018,1,,2,13.269,13.353,13.3186510416667,13.076,13.654
2018-07-28,2018,Jul,2017-2018,1,,2,13.173,13.401,13.4067569444444,13.173,13.654
2018-07-29,2018,Jul,2017-2018,1,,2,13.076,12.98,12.9724739583333,12.69,13.365
2018-07-30,2018,Jul,2017-2018,1,,2,13.076,12.883,12.8978819444444,12.594,13.365
2018-07-31,2018,Jul,2017-2018,1,,2,13.076,12.98,12.9964652777778,12.787,13.461
2018-08-01,2018,Aug,2017-2018,1,,2,13.269,13.173,13.1851510416667,13.076,13.461
2018-08-02,2018,Aug,2017-2018,1,,2,13.269,13.269,13.2670416666667,13.173,13.558
2018-08-03,2018,Aug,2017-2018,1,,2,13.654,13.606,13.4961996527778,13.269,13.846
2018-08-04,2018,Aug,2017-2018,1,,2,13.942,13.942,13.9074375,13.654,14.325
2018-08-05,2018,Aug,2017-2018,1,,2,13.942,13.954,14.0191944444444,13.75,14.421
2018-08-06,2018,Aug,2017-2018,1,,2,14.325,14.182,14.185578125,13.942,14.421
2018-08-07,2018,Aug,2017-2018,1,,2,14.421,14.421,14.4854166666667,14.23,14.804
2018-08-08,2018,Aug,2017-2018,1,,2,14.517,14.613,14.6365069444444,14.421,14.996
2018-08-09,2018,Aug,2017-2018,1,,2,14.23,14.613,14.5839982638889,14.23,14.804
2018-08-10,2018,Aug,2017-2018,1,,2,13.75,14.385,14.4220069444444,13.75,14.9
2018-08-11,2018,Aug,2017-2018,1,,2,13.558,13.75,13.7863125,13.558,14.325
2018-08-12,2018,Aug,2017-2018,1,,2,13.558,13.654,13.6391875,13.365,14.038
2018-08-13,2018,Aug,2017-2018,1,,2,13.365,13.461,13.5277309027778,13.173,13.942
2018-08-14,2018,Aug,2017-2018,1,,2,13.365,13.269,13.2494791666667,13.076,13.846
2018-08-15,2018,Aug,2017-2018,1,,2,13.173,13.076,13.0884722222222,12.883,13.654
2018-08-16,2018,Aug,2017-2018,1,,2,12.883,12.871,12.9253090277778,12.69,13.461
2018-08-17,2018,Aug,2017-2018,1,,2,12.883,12.787,12.8383611111111,12.594,13.365
2018-08-18,2018,Aug,2017-2018,1,,2,13.558,13.281,13.2212934027778,12.883,13.558
2018-08-19,2018,Aug,2017-2018,1,,2,13.173,13.173,13.2336059027778,12.98,13.558
2018-08-20,2018,Aug,2017-2018,1,,2,13.846,13.317,13.4655538194444,13.173,13.942
2018-08-21,2018,Aug,2017-2018,1,,2,13.269,14.23,14.0599878472222,13.173,14.325
2018-08-22,2018,Aug,2017-2018,1,,2,13.461,13.461,13.4416319444444,13.269,13.654
2018-08-23,2018,Aug,2017-2018,1,,2,13.173,13.558,13.5674930555556,13.173,13.846
2018-08-24,2018,Aug,2017-2018,1,,2,12.98,13.173,13.214453125,12.98,13.461
2018-08-25,2018,Aug,2017-2018,1,,2,13.269,13.269,13.2991440972222,12.98,13.654
2018-08-26,2018,Aug,2017-2018,1,,2,13.654,13.558,13.5195746527778,13.269,13.75
2018-08-27,2018,Aug,2017-2018,1,,2,12.594,13.112375,13.3084305555556,12.594,14.038
2018-08-28,2018,Aug,2017-2018,1,,2,12.69,12.654,12.7034583333333,12.401,13.076
2018-08-29,2018,Aug,2017-2018,1,,2,12.787,12.7385,12.6746440972222,12.304,12.883
2018-08-30,2018,Aug,2017-2018,1,,2,12.497,12.497,12.5506215277778,12.401,12.883
2018-08-31,2018,Aug,2017-2018,1,,2,12.11,12.401,12.3661371527778,12.013,12.787
2018-09-01,2018,Sep,2017-2018,1,,2,12.787,12.618,12.5420538194444,12.11,12.98
2018-09-02,2018,Sep,2017-2018,1,,2,12.98,12.883,12.8628315972222,12.69,12.98
2018-09-03,2018,Sep,2017-2018,1,,2,13.365,13.317,13.209921875,12.883,13.558
2018-09-04,2018,Sep,2017-2018,1,,2,13.076,13.365,13.3381614583333,13.076,13.654
2018-09-05,2018,Sep,2017-2018,1,,2,13.076,13.136625,13.1725347222222,12.98,13.558
2018-09-06,2018,Sep,2017-2018,1,,2,13.461,13.269,13.319671875,13.076,13.558
2018-09-07,2018,Sep,2017-2018,1,,2,13.173,13.461,13.40625,13.173,13.558
2018-09-08,2018,Sep,2017-2018,1,,2,13.076,13.160875,13.1280364583333,13.076,13.173
2018-09-09,2018,Sep,2017-2018,1,,2,13.558,13.173,13.2460034722222,13.076,13.654
2018-09-10,2018,Sep,2017-2018,1,,2,13.846,13.942,13.9461666666667,13.558,14.23
2018-09-11,2018,Sep,2017-2018,1,,2,13.75,13.942,13.9448333333333,13.75,14.134
2018-09-12,2018,Sep,2017-2018,1,,2,13.654,13.75,13.7935,13.654,13.942
2018-09-13,2018,Sep,2017-2018,1,,2,13.75,13.654,13.6691666666667,13.558,13.846
2018-09-14,2018,Sep,2017-2018,1,,2,13.558,13.558,13.5541875,13.461,13.75
2018-09-15,2018,Sep,2017-2018,1,,2,13.461,13.461,13.4728489583333,13.365,13.558
2018-09-16,2018,Sep,2017-2018,1,,2,13.365,13.461,13.4265208333333,13.365,13.558
2018-09-17,2018,Sep,2017-2018,1,,2,13.269,13.173,13.2084166666667,12.98,13.365
2018-09-18,2018,Sep,2017-2018,1,,2,13.076,13.269,13.2579947916667,13.076,13.365
2018-09-19,2018,Sep,2017-2018,1,,2,12.787,12.98,12.949453125,12.787,13.076
2018-09-20,2018,Sep,2017-2018,1,,2,12.497,12.69,12.66384375,12.497,12.787
2018-09-21,2018,Sep,2017-2018,1,,2,12.497,12.497,12.5401111111111,12.497,12.594
2018-09-22,2018,Sep,2017-2018,1,,2,12.497,12.497,12.4850208333333,12.401,12.594
2018-09-23,2018,Sep,2017-2018,1,,2,12.497,12.497,12.52125,12.497,12.594
2018-09-24,2018,Sep,2017-2018,1,,2,12.594,12.594,12.6029496527778,12.497,12.787
2018-09-25,2018,Sep,2017-2018,1,,2,12.69,12.642,12.6654166666667,12.594,12.787
2018-09-26,2018,Sep,2017-2018,1,,2,12.594,12.69,12.6884305555556,12.594,12.883
2018-09-27,2018,Sep,2017-2018,1,,2,12.594,12.497,12.5213194444444,12.304,12.69
2018-09-28,2018,Sep,2017-2018,1,,2,12.11,12.291875,12.2394930555556,12.013,12.5455
2018-09-29,2018,Sep,2017-2018,1,,2,12.11,12.1585,12.1443541666667,11.916,12.304
2018-09-30,2018,Sep,2017-2018,1,,2,11.528,11.722,11.7263784722222,11.528,12.11
2018-10-01,2018,Oct,2018-2019,1,,2,11.431,11.285,11.2674878472222,10.944,11.528
2018-10-02,2018,Oct,2018-2019,1,,2,10.259,10.83375,10.7961666666667,10.063,11.431
2018-10-03,2018,Oct,2018-2019,1,,2,10.944,10.602,10.5515190972222,10.161,10.944
2018-10-04,2018,Oct,2018-2019,1,,2,11.041,10.980375,11.0166788194444,10.748,11.334
2018-10-05,2018,Oct,2018-2019,1,,2,10.846,10.9925,10.9642135416667,10.748,11.236
2018-10-06,2018,Oct,2018-2019,1,,2,10.846,10.846,10.8351666666667,10.651,11.041
2018-10-07,2018,Oct,2018-2019,1,,2,10.748,10.846,10.8196493055556,10.651,10.846
2018-10-08,2018,Oct,2018-2019,1,,2,10.846,10.846,10.82609375,10.748,10.944
2018-10-09,2018,Oct,2018-2019,1,,2,10.846,10.846,10.8751111111111,10.651,11.139
2018-10-10,2018,Oct,2018-2019,1,,2,10.846,10.846,10.8765208333333,10.651,11.139
2018-10-11,2018,Oct,2018-2019,1,,2,10.846,10.846,10.8175694444444,10.651,10.944
2018-10-12,2018,Oct,2018-2019,1,,2,10.846,10.846,10.8744166666667,10.748,11.139
2018-10-13,2018,Oct,2018-2019,1,,2,10.748,10.748,10.6803784722222,10.161,10.846
2018-10-14,2018,Oct,2018-2019,1,,2,10.846,10.748,10.6610868055556,10.063,10.846
2018-10-15,2018,Oct,2018-2019,1,,2,10.748,10.651,10.5984409722222,10.259,10.797
2018-10-16,2018,Oct,2018-2019,1,,2,10.748,10.663125,10.6743263888889,10.455,10.748
2018-10-17,2018,Oct,2018-2019,1,,2,10.748,10.687375,10.6988611111111,10.651,10.846
2018-10-18,2018,Oct,2018-2019,1,,2,10.748,10.748,10.7299513888889,10.651,10.846
2018-10-19,2018,Oct,2018-2019,1,,2,10.748,10.748,10.7244861111111,10.651,10.846
2018-10-20,2018,Oct,2018-2019,1,,2,10.651,10.748,10.8060642361111,10.651,11.041
2018-10-21,2018,Oct,2018-2019,1,,2,10.553,10.651,10.6556006944444,10.553,10.748
2018-10-22,2018,Oct,2018-2019,1,,2,10.553,10.54075,10.3840069444444,9.571,10.651
2018-10-23,2018,Oct,2018-2019,1,,2,10.455,10.455,10.3141493055556,9.768,10.553
2018-10-24,2018,Oct,2018-2019,1,,2,10.259,10.455,10.4036180555556,10.161,10.553
2018-10-25,2018,Oct,2018-2019,1,,2,10.259,10.259,10.3284166666667,10.259,10.651
2018-10-26,2018,Oct,2018-2019,1,,2,10.259,10.259,10.2562777777778,10.161,10.357
2018-10-27,2018,Oct,2018-2019,1,,2,10.259,10.259,10.2256527777778,10.161,10.259
2018-10-28,2018,Oct,2018-2019,1,,2,10.063,10.161,10.1974097222222,10.063,10.259
2018-10-29,2018,Oct,2018-2019,1,,2,9.965,10.063,10.0291423611111,9.965,10.063
2018-10-30,2018,Oct,2018-2019,1,,2,9.965,10.063,10.0296527777778,9.965,10.063
2018-10-31,2018,Oct,2018-2019,1,,2,10.161,10.063,10.0905625,9.965,10.161
2018-11-01,2018,Nov,2018-2019,1,,2,10.161,10.161,10.1657638888889,10.161,10.259
2018-11-02,2018,Nov,2018-2019,1,,2,10.259,10.259,10.2595104166667,10.161,10.357
2018-11-03,2018,Nov,2018-2019,1,,2,10.259,10.259,10.2515138888889,10.161,10.259
2018-11-04,2018,Nov,2018-2019,1,,2,10.651,10.357,10.3474722222222,10.161,10.651
2018-11-05,2018,Nov,2018-2019,1,,2,10.553,10.602,10.5810729166667,10.357,10.651
2018-11-06,2018,Nov,2018-2019,1,,2,10.455,10.455,10.4272673611111,10.161,10.553
2018-11-07,2018,Nov,2018-2019,1,,2,10.259,10.259,10.2382430555556,9.965,10.455
2018-11-08,2018,Nov,2018-2019,1,,2,9.669,9.669,9.77885763888889,9.571,10.259
2018-11-09,2018,Nov,2018-2019,1,,2,9.866,9.965,9.91522048611111,9.669,10.063
2018-11-10,2018,Nov,2018-2019,1,,2,9.669,9.866,9.79130034722222,9.373,9.965
2018-11-11,2018,Nov,2018-2019,1,,2,9.275,9.730875,9.59241319444444,8.978,9.866
2018-11-12,2018,Nov,2018-2019,1,,2,8.879,9.077,9.19205555555556,8.879,9.669
2018-11-13,2018,Nov,2018-2019,1,,2,9.571,9.237875,9.2758125,8.779,9.669
2018-11-14,2018,Nov,2018-2019,1,,2,9.571,9.669,9.626125,9.571,9.669
2018-11-15,2018,Nov,2018-2019,1,,2,9.768,9.768,9.77027604166667,9.571,9.965
2018-11-16,2018,Nov,2018-2019,1,,2,9.669,9.669,9.67633159722222,9.571,9.768
2018-11-17,2018,Nov,2018-2019,1,,2,9.669,9.768,9.697375,9.472,9.768
2018-11-18,2018,Nov,2018-2019,1,,2,8.978,9.20075,9.31119965277778,8.978,9.669
2018-11-19,2018,Nov,2018-2019,1,,2,8.779,8.879,8.865234375,8.68,8.978
2018-11-20,2018,Nov,2018-2019,1,,2,8.68,8.593375,8.62377604166666,8.382,8.779
2018-11-21,2018,Nov,2018-2019,1,,2,8.879,8.879,8.92880034722222,8.7295,9.077
2018-11-22,2018,Nov,2018-2019,1,,2,8.779,8.741875,8.70286805555556,8.382,8.978
2018-11-23,2018,Nov,2018-2019,1,,2,9.176,9.275,9.23672048611111,8.779,9.472
2018-11-24,2018,Nov,2018-2019,1,,2,9.077,9.2255,9.21032465277778,8.978,9.373
2018-11-25,2018,Nov,2018-2019,1,,2,9.275,9.176,9.20246875,9.077,9.275
2018-11-26,2018,Nov,2018-2019,1,,2,9.373,9.373,9.32995486111112,9.275,9.373
2018-11-27,2018,Nov,2018-2019,1,,2,9.373,9.373,9.3901875,9.373,9.472
2018-11-28,2018,Nov,2018-2019,1,,2,9.373,9.373,9.3791875,9.373,9.472
2018-11-29,2018,Nov,2018-2019,1,,2,9.077,9.275,9.22710416666667,8.978,9.373
2018-11-30,2018,Nov,2018-2019,1,,2,9.275,9.275,9.29224652777778,9.077,9.373
2018-12-01,2018,Dec,2018-2019,1,,2,9.176,9.1265,8.99431076388889,8.382,9.275
2018-12-02,2018,Dec,2018-2019,1,,2,8.481,8.717125,8.51644270833333,7.682,9.1265
2018-12-03,2018,Dec,2018-2019,1,,2,7.582,7.481,7.47987326388889,7.079,8.4315
2018-12-04,2018,Dec,2018-2019,1,,2,7.882,7.657,7.62839583333333,6.674,8.382
2018-12-05,2018,Dec,2018-2019,1,,2,7.882,7.669375,7.61502777777778,6.573,8.382
2018-12-06,2018,Dec,2018-2019,1,,2,7.782,7.5945,7.35026388888889,6.471,7.983
2018-12-07,2018,Dec,2018-2019,1,,2,7.882,7.556875,7.35020833333333,6.471,8.182
2018-12-08,2018,Dec,2018-2019,1,,2,8.082,7.882,7.80395833333333,7.381,8.082
2018-12-09,2018,Dec,2018-2019,1,,2,8.68,8.581,8.43769097222222,7.983,8.68
2018-12-10,2018,Dec,2018-2019,1,,2,8.481,8.68,8.63674826388889,8.382,8.779
2018-12-11,2018,Dec,2018-2019,1,,2,8.68,8.68,8.73343229166666,8.382,9.077
2018-12-12,2018,Dec,2018-2019,1,,2,8.779,8.581,8.60386979166667,8.282,8.879
2018-12-13,2018,Dec,2018-2019,1,,2,7.582,9.077,8.84012673611111,7.582,9.176
2018-12-14,2018,Dec,2018-2019,1,,2,8.382,7.919875,8.02546527777778,7.481,8.68
2018-12-15,2018,Dec,2018-2019,1,,2,8.182,7.983,8.05047916666667,7.682,8.581
2018-12-16,2018,Dec,2018-2019,1,,2,8.779,8.556,8.55669965277778,8.182,8.779
2018-12-17,2018,Dec,2018-2019,1,,2,8.68,8.581,8.59957465277778,8.481,8.779
2018-12-18,2018,Dec,2018-2019,1,,2,8.581,8.68,8.645109375,8.581,8.68
2018-12-19,2018,Dec,2018-2019,1,,2,8.382,8.481,8.49341493055555,8.382,8.581
2018-12-20,2018,Dec,2018-2019,1,,2,8.082,8.082,8.0965625,7.682,8.382
2018-12-21,2018,Dec,2018-2019,1,,2,8.182,7.983,7.97029861111111,7.481,8.182
2018-12-22,2018,Dec,2018-2019,1,,2,8.082,7.983,7.969875,7.582,8.282
2018-12-23,2018,Dec,2018-2019,1,,2,8.282,8.232,8.15759722222222,7.882,8.282
2018-12-24,2018,Dec,2018-2019,1,,2,7.983,8.182,8.17094965277778,7.882,8.282
2018-12-25,2018,Dec,2018-2019,1,,2,7.582,8.082,7.96958506944444,7.381,8.182
2018-12-26,2018,Dec,2018-2019,1,,2,7.782,8.082,7.99579166666667,7.582,8.082
2018-12-27,2018,Dec,2018-2019,1,,2,7.882,7.945125,7.88930555555556,7.582,8.082
2018-12-28,2018,Dec,2018-2019,1,,2,8.382,8.132,8.16048611111111,7.882,8.382
2018-12-29,2018,Dec,2018-2019,1,,2,8.282,8.481,8.44334027777778,8.282,8.481
2018-12-30,2018,Dec,2018-2019,1,,2,7.481,7.983,7.87477256944444,7.28,8.282
2018-12-31,2018,Dec,2018-2019,1,,2,7.983,7.983,7.94646180555555,6.877,8.282
2019-01-01,2019,Jan,2018-2019,1,,2,7.983,7.882,7.8990625,7.682,7.983
2019-01-02,2019,Jan,2018-2019,1,,2,8.282,8.282,8.27880729166667,7.983,8.382
2019-01-03,2019,Jan,2018-2019,1,,2,8.282,8.282,8.24728472222222,7.983,8.382
2019-01-04,2019,Jan,2018-2019,1,,2,8.282,8.282,8.30407638888889,8.182,8.481
2019-01-05,2019,Jan,2018-2019,1,,2,8.182,8.232,8.23147916666667,8.082,8.282
2019-01-06,2019,Jan,2018-2019,1,,2,8.182,8.082,8.06144444444444,7.882,8.182
2019-01-07,2019,Jan,2018-2019,1,,2,7.079,7.5945,7.50972048611111,6.573,8.182
2019-01-08,2019,Jan,2018-2019,1,,2,7.079,6.90225,7.07919444444445,6.268,7.882
2019-01-09,2019,Jan,2018-2019,1,,2,7.179,7.179,7.26848611111111,7.079,7.582
2019-01-10,2019,Jan,2018-2019,1,,2,7.983,7.6695,7.62532638888889,7.179,7.983
2019-01-11,2019,Jan,2018-2019,1,,2,7.782,7.882,7.87509895833333,7.682,7.983
2019-01-12,2019,Jan,2018-2019,1,,2,7.882,7.832,7.80752083333333,7.682,7.882
2019-01-13,2019,Jan,2018-2019,1,,2,7.782,7.782,7.79120138888889,7.782,7.882
2019-01-14,2019,Jan,2018-2019,1,,2,7.682,7.682,7.66799305555555,7.179,7.782
2019-01-15,2019,Jan,2018-2019,1,,2,6.978,7.582,7.55338194444444,6.978,7.782
2019-01-16,2019,Jan,2018-2019,1,,2,7.28,7.481,7.50133680555556,6.978,7.983
2019-01-17,2019,Jan,2018-2019,1,,2,7.381,7.28,7.26658159722222,6.978,7.481
2019-01-18,2019,Jan,2018-2019,1,,2,7.682,7.481,7.48907465277778,7.28,7.682
2019-01-19,2019,Jan,2018-2019,1,,2,7.983,7.983,7.88956770833333,7.682,8.082
2019-01-20,2019,Jan,2018-2019,1,,2,7.682,7.782,7.82506423611111,7.582,7.983
2019-01-21,2019,Jan,2018-2019,1,,2,7.381,7.381,7.49338368055555,7.179,7.782
2019-01-22,2019,Jan,2018-2019,1,,2,7.782,7.782,7.73893576388889,7.381,8.082
2019-01-23,2019,Jan,2018-2019,1,,2,7.882,7.782,7.80704166666667,7.582,7.983
2019-01-24,2019,Jan,2018-2019,1,,2,7.882,7.9325,7.94475,7.682,8.282
2019-01-25,2019,Jan,2018-2019,1,,2,8.182,7.995375,8.05406944444445,7.782,8.282
2019-01-26,2019,Jan,2018-2019,1,,2,8.282,8.182,8.16377083333333,8.082,8.282
2019-01-27,2019,Jan,2018-2019,1,,2,8.282,8.282,8.26116666666666,8.182,8.382
2019-01-28,2019,Jan,2018-2019,1,,2,8.082,8.182,8.14357638888889,7.882,8.282
2019-01-29,2019,Jan,2018-2019,1,,2,8.082,7.995375,7.94322916666667,7.582,8.182
2019-01-30,2019,Jan,2018-2019,1,,2,7.983,7.983,8.02015798611111,7.882,8.082
2019-01-31,2019,Jan,2018-2019,1,,2,7.882,7.882,7.88931423611111,7.782,7.983
2019-02-01,2019,Feb,2018-2019,1,,2,7.882,7.970375,7.97452083333333,7.882,8.082
2019-02-02,2019,Feb,2018-2019,1,,2,7.28,7.242125,7.21624652777778,6.268,7.832
2019-02-03,2019,Feb,2018-2019,1,,2,6.37,5.834125,5.56511458333333,2.41,7.2295
2019-02-04,2019,Feb,2018-2019,1,,2,6.573,5.334,5.09556423611111,2.41,6.877
2019-02-05,2019,Feb,2018-2019,1,,2,6.775,5.92375,5.76217708333333,4.727,6.775
2019-02-06,2019,Feb,2018-2019,1,,2,7.079,6.37,6.35679166666667,5.347,7.079
2019-02-07,2019,Feb,2018-2019,1,,2,6.978,6.952625,6.88025173611111,6.37,7.079
2019-02-08,2019,Feb,2018-2019,1,,2,5.244,6.64875,6.26233680555556,3.893,7.079
2019-02-09,2019,Feb,2018-2019,1,,2,5.962,5.693125,5.20009375,2.517,6.573
2019-02-10,2019,Feb,2018-2019,1,,2,5.552,5.89825,5.76934375,4.415,6.674
2019-02-11,2019,Feb,2018-2019,1,,2,5.757,5.795625,5.64508854166667,4.311,6.573
2019-02-12,2019,Feb,2018-2019,1,,2,3.998,5.513625,5.242796875,3.788,6.166
2019-02-13,2019,Feb,2018-2019,1,,2,5.552,4.779,4.84304513888889,3.998,5.757
2019-02-14,2019,Feb,2018-2019,1,,2,5.86,5.821375,5.84406944444444,5.347,6.166
2019-02-15,2019,Feb,2018-2019,1,,2,6.268,5.655,5.72966666666667,5.244,6.471
2019-02-16,2019,Feb,2018-2019,1,,2,6.37,5.962,5.93007291666667,5.244,6.37
2019-02-17,2019,Feb,2018-2019,1,,2,6.166,5.847125,5.76198611111111,4.831,6.319
2019-02-18,2019,Feb,2018-2019,1,,2,6.37,5.962,5.89915972222222,4.934,6.37
2019-02-19,2019,Feb,2018-2019,1,,2,6.573,6.471,6.44813368055556,5.962,6.674
2019-02-20,2019,Feb,2018-2019,1,,2,6.573,6.573,6.47302083333333,5.86,6.775
2019-02-21,2019,Feb,2018-2019,1,,2,6.471,6.331625,6.30164236111111,5.141,6.775
2019-02-22,2019,Feb,2018-2019,1,,2,6.573,6.674,6.69162847222222,6.471,6.877
2019-02-23,2019,Feb,2018-2019,1,,2,6.166,6.573,6.52024131944445,5.757,6.877
2019-02-24,2019,Feb,2018-2019,1,,2,5.86,6.22975,6.12607291666667,5.037,6.573
2019-02-25,2019,Feb,2018-2019,1,,2,5.037,5.89825,5.75955381944444,4.727,6.37
2019-02-26,2019,Feb,2018-2019,1,,2,5.347,5.757,5.67042013888889,4.519,6.37
2019-02-27,2019,Feb,2018-2019,1,,2,6.268,5.94925,5.96492881944445,5.347,6.37
2019-02-28,2019,Feb,2018-2019,1,,2,6.674,6.37,6.35605208333333,6.064,6.674
2019-03-01,2019,Mar,2018-2019,1,,2,6.573,6.433125,6.41636979166667,6.064,6.674
2019-03-02,2019,Mar,2018-2019,1,,2,6.268,6.268,6.29027951388889,5.962,6.573
2019-03-03,2019,Mar,2018-2019,1,,2,6.166,5.86,5.80732291666667,4.831,6.268
2019-03-04,2019,Mar,2018-2019,1,,2,6.37,5.9365,5.85127777777778,4.934,6.37
2019-03-05,2019,Mar,2018-2019,1,,2,6.37,6.1405,6.02933333333333,5.141,6.471
2019-03-06,2019,Mar,2018-2019,1,,2,6.37,6.35725,6.13924305555556,5.244,6.573
2019-03-07,2019,Mar,2018-2019,1,,2,6.573,6.407875,6.32775868055556,5.552,6.775
2019-03-08,2019,Mar,2018-2019,1,,2,6.573,6.573,6.44213194444445,5.45,6.877
2019-03-09,2019,Mar,2018-2019,1,"MV:6 of 24 missing:1 of 24 flagged",3,,6.522,6.35769744859395,5.347,6.77594148271554
2019-03-10,2019,Mar,2018-2019,1,,9,,,,,
2019-03-11,2019,Mar,2018-2019,1,,9,,,,,
2019-03-12,2019,Mar,2018-2019,1,,9,,,,,
2019-03-13,2019,Mar,2018-2019,1,,9,,,,,
2019-03-14,2019,Mar,2018-2019,1,,9,,,,,
2019-03-15,2019,Mar,2018-2019,1,,9,,,,,
2019-03-16,2019,Mar,2018-2019,1,,9,,,,,
2019-03-17,2019,Mar,2018-2019,1,,9,,,,,
2019-03-18,2019,Mar,2018-2019,1,,9,,,,,
2019-03-19,2019,Mar,2018-2019,1,,9,,,,,
2019-03-20,2019,Mar,2018-2019,1,,9,,,,,
2019-03-21,2019,Mar,2018-2019,1,,9,,,,,
2019-03-22,2019,Mar,2018-2019,1,,9,,,,,
2019-03-23,2019,Mar,2018-2019,1,,9,,,,,
2019-03-24,2019,Mar,2018-2019,1,,9,,,,,
2019-03-25,2019,Mar,2018-2019,1,,9,,,,,
2019-03-26,2019,Mar,2018-2019,1,"MV:9 of 24 missing:1 of 24 flagged",3,8.182,8.282,8.31202698412698,8.182,8.68
2019-03-27,2019,Mar,2018-2019,1,,2,8.481,8.382,8.34008506944444,7.983,8.779
2019-03-28,2019,Mar,2018-2019,1,,2,8.581,8.581,8.57698611111112,8.282,8.978
2019-03-29,2019,Mar,2018-2019,1,,2,8.481,8.581,8.59400694444444,8.382,8.879
2019-03-30,2019,Mar,2018-2019,1,,2,8.581,8.581,8.62054166666667,8.282,8.978
2019-03-31,2019,Mar,2018-2019,1,,2,8.68,8.766625,8.77907118055556,8.481,9.176
2019-04-01,2019,Apr,2018-2019,1,,2,8.779,8.879,8.88662673611111,8.68,9.176
2019-04-02,2019,Apr,2018-2019,1,,2,9.077,8.978,8.95112152777778,8.68,9.176
2019-04-03,2019,Apr,2018-2019,1,,2,8.978,9.077,9.01307465277778,8.779,9.176
2019-04-04,2019,Apr,2018-2019,1,,2,8.879,8.978,8.985734375,8.879,9.077
2019-04-05,2019,Apr,2018-2019,1,,2,8.879,8.978,8.9841875,8.879,9.176
2019-04-06,2019,Apr,2018-2019,1,,2,8.68,8.879,8.83222743055556,8.581,9.077
2019-04-07,2019,Apr,2018-2019,1,,2,8.779,8.779,8.79018923611111,8.68,8.879
2019-04-08,2019,Apr,2018-2019,1,,2,8.879,8.879,8.88740972222222,8.779,9.077
2019-04-09,2019,Apr,2018-2019,1,,2,8.978,8.978,8.963390625,8.879,9.176
2019-04-10,2019,Apr,2018-2019,1,,2,9.077,8.978,9.03891145833333,8.879,9.571
2019-04-11,2019,Apr,2018-2019,1,,2,9.176,9.077,9.10352256944445,8.879,9.571
2019-04-12,2019,Apr,2018-2019,1,,2,9.077,9.077,9.17321354166667,8.978,9.571
2019-04-13,2019,Apr,2018-2019,1,,2,8.879,8.978,9.01478125,8.879,9.176
2019-04-14,2019,Apr,2018-2019,1,,2,8.978,8.978,9.00184895833333,8.779,9.373
2019-04-15,2019,Apr,2018-2019,1,,2,8.978,8.978,9.00454166666667,8.779,9.373
2019-04-16,2019,Apr,2018-2019,1,,2,8.879,8.978,8.96092881944445,8.779,9.176
2019-04-17,2019,Apr,2018-2019,1,,2,8.779,8.879,8.84025694444444,8.779,8.978
2019-04-18,2019,Apr,2018-2019,1,,2,8.779,8.779,8.82052777777777,8.779,8.978
2019-04-19,2019,Apr,2018-2019,1,,2,9.077,8.978,9.01475347222222,8.581,9.669
2019-04-20,2019,Apr,2018-2019,1,,2,9.077,9.163625,9.07245833333333,8.382,9.373
2019-04-21,2019,Apr,2018-2019,1,,2,8.879,8.978,9.00309375,8.879,9.077
2019-04-22,2019,Apr,2018-2019,1,,2,8.879,9.077,9.006875,8.879,9.176
2019-04-23,2019,Apr,2018-2019,1,,2,9.176,9.176,9.07902604166667,8.779,9.472
2019-04-24,2019,Apr,2018-2019,1,,2,9.472,9.36075,9.30113194444444,8.68,9.866
2019-04-25,2019,Apr,2018-2019,1,,2,9.472,9.373,9.51763194444445,9.176,10.161
2019-04-26,2019,Apr,2018-2019,1,,2,9.373,9.373,9.385796875,9.077,9.669
2019-04-27,2019,Apr,2018-2019,1,,2,9.571,9.571,9.59474652777778,9.176,10.259
2019-04-28,2019,Apr,2018-2019,1,,2,9.669,9.669,9.70528819444444,9.373,10.063
2019-04-29,2019,Apr,2018-2019,1,,2,9.965,9.82925,9.94397222222222,9.669,10.455
2019-04-30,2019,Apr,2018-2019,1,,2,9.866,10.063,10.1067065972222,9.866,10.455
2019-05-01,2019,May,2018-2019,1,,2,9.866,10.07525,10.0846388888889,9.866,10.259
2019-05-02,2019,May,2018-2019,1,,2,9.965,9.965,10.0443836805556,9.866,10.357
2019-05-03,2019,May,2018-2019,1,,2,9.866,10.112,10.1345121527778,9.866,10.553
2019-05-04,2019,May,2018-2019,1,,2,9.571,10.17325,10.1351927083333,9.373,10.553
2019-05-05,2019,May,2018-2019,1,,2,9.373,10.161,10.0701354166667,9.176,10.651
2019-05-06,2019,May,2018-2019,1,,2,9.275,10.014,9.95053125,9.275,10.748
2019-05-07,2019,May,2018-2019,1,,2,9.373,10.014,9.97561458333333,9.275,10.651
2019-05-08,2019,May,2018-2019,1,,2,9.669,10.05075,10.0133472222222,9.275,10.846
2019-05-09,2019,May,2018-2019,1,,2,10.063,10.00175,9.92039930555556,9.275,10.748
2019-05-10,2019,May,2018-2019,1,,2,10.357,10.161,10.1258923611111,9.472,10.846
2019-05-11,2019,May,2018-2019,1,,2,10.651,10.5775,10.4647534722222,9.571,11.236
2019-05-12,2019,May,2018-2019,1,,2,10.259,10.308,10.4511805555556,9.866,11.236
2019-05-13,2019,May,2018-2019,1,,2,10.161,10.259,10.2445104166667,9.571,10.846
2019-05-14,2019,May,2018-2019,1,,2,10.161,10.308,10.3467777777778,10.161,10.748
2019-05-15,2019,May,2018-2019,1,,2,10.455,10.357,10.4216701388889,10.161,10.944
2019-05-16,2019,May,2018-2019,1,,2,10.161,10.357,10.3357326388889,9.965,10.553
2019-05-17,2019,May,2018-2019,1,,2,10.357,10.357,10.3668680555556,10.161,10.651
2019-05-18,2019,May,2018-2019,1,,2,10.455,10.455,10.5152465277778,10.259,10.846
2019-05-19,2019,May,2018-2019,1,,2,10.748,10.748,10.7037065972222,10.455,10.944
2019-05-20,2019,May,2018-2019,1,,2,10.651,10.748,10.7987934027778,10.553,11.139
2019-05-21,2019,May,2018-2019,1,,2,10.944,11.041,11.0256927083333,10.651,11.625
2019-05-22,2019,May,2018-2019,1,,2,10.944,11.041,11.1102916666667,10.944,11.722
2019-05-23,2019,May,2018-2019,1,,2,11.041,11.139,11.0890329861111,10.748,11.528
2019-05-24,2019,May,2018-2019,1,,2,10.748,11.394625,11.4375572916667,10.748,12.401
2019-05-25,2019,May,2018-2019,1,,2,10.651,10.895,10.7372239583333,9.965,11.334
2019-05-26,2019,May,2018-2019,1,,2,10.748,10.6995,10.7049496527778,10.063,11.528
2019-05-27,2019,May,2018-2019,1,,2,10.748,10.748,10.8822847222222,10.357,11.528
2019-05-28,2019,May,2018-2019,1,,2,11.431,11.2365,11.125703125,10.651,11.722
2019-05-29,2019,May,2018-2019,1,,2,11.625,11.588625,11.5768159722222,11.236,12.013
2019-05-30,2019,May,2018-2019,1,,2,11.334,11.625,11.6207760416667,11.236,12.013
2019-05-31,2019,May,2018-2019,1,,2,11.334,11.4795,11.5305763888889,11.139,11.916
2019-06-01,2019,Jun,2018-2019,1,,2,10.553,11.431,11.3428975694444,10.259,12.013
2019-06-02,2019,Jun,2018-2019,1,,2,10.651,11.151125,11.1471215277778,10.553,11.722
2019-06-03,2019,Jun,2018-2019,1,,2,10.748,10.944,10.9359635416667,10.651,11.334
2019-06-04,2019,Jun,2018-2019,1,,2,11.041,11.041,11.041921875,10.651,11.334
2019-06-05,2019,Jun,2018-2019,1,,2,11.139,11.236,11.2490104166667,11.041,11.528
2019-06-06,2019,Jun,2018-2019,1,,2,10.748,11.236,11.2301371527778,10.748,11.625
2019-06-07,2019,Jun,2018-2019,1,,2,11.528,11.528,11.4349375,10.748,12.497
2019-06-08,2019,Jun,2018-2019,1,,2,11.819,11.819,11.7928142361111,11.431,12.69
2019-06-09,2019,Jun,2018-2019,1,,2,11.916,11.916,11.9596163194444,11.819,12.304
2019-06-10,2019,Jun,2018-2019,1,,2,11.819,11.819,11.8003072916667,11.722,11.916
2019-06-11,2019,Jun,2018-2019,1,,2,11.916,11.916,12.0348940972222,11.722,12.69
2019-06-12,2019,Jun,2018-2019,1,,2,12.013,12.146375,12.2367621527778,11.916,12.787
2019-06-13,2019,Jun,2018-2019,1,,2,12.207,12.207,12.3622326388889,12.013,13.076
2019-06-14,2019,Jun,2018-2019,1,,2,12.304,12.449,12.4881302083333,12.207,13.076
2019-06-15,2019,Jun,2018-2019,1,,2,12.594,12.594,12.6656631944444,12.304,13.076
2019-06-16,2019,Jun,2018-2019,1,,2,12.497,12.69,12.7077586805556,12.497,13.076
2019-06-17,2019,Jun,2018-2019,1,,2,12.69,12.69,12.6529704861111,12.497,12.98
2019-06-18,2019,Jun,2018-2019,1,,2,12.594,12.69,12.7184791666667,12.497,13.173
2019-06-19,2019,Jun,2018-2019,1,,2,12.304,12.835,12.8060104166667,12.304,13.269
2019-06-20,2019,Jun,2018-2019,1,,2,11.139,12.7505,12.7139809027778,11.139,13.558
2019-06-21,2019,Jun,2018-2019,1,,2,12.11,12.11,11.8608697916667,11.041,12.401
2019-06-22,2019,Jun,2018-2019,1,,2,12.11,12.304,12.2587013888889,12.013,12.594
2019-06-23,2019,Jun,2018-2019,1,,2,12.207,12.13425,12.1406996527778,11.819,12.497
2019-06-24,2019,Jun,2018-2019,1,,2,12.594,12.594,12.5231753472222,12.207,13.173
2019-06-25,2019,Jun,2018-2019,1,,2,13.269,13.269,13.0961545138889,12.594,13.846
2019-06-26,2019,Jun,2018-2019,1,,2,13.75,13.569625,13.5840190972222,13.269,14.038
2019-06-27,2019,Jun,2018-2019,1,,2,13.654,13.75,13.7801458333333,13.461,14.038
2019-06-28,2019,Jun,2018-2019,1,,2,13.942,13.942,13.9421666666667,13.654,14.23
2019-06-29,2019,Jun,2018-2019,1,,2,14.134,14.23,14.3098402777778,13.942,14.804
2019-06-30,2019,Jun,2018-2019,1,,2,14.517,14.529,14.5608142361111,14.038,15.091
2019-07-01,2019,Jul,2018-2019,1,,2,13.942,14.517,14.417484375,13.846,14.804
2019-07-02,2019,Jul,2018-2019,1,,2,13.846,14.134,14.1254236111111,13.846,14.421
2019-07-03,2019,Jul,2018-2019,1,,2,14.421,14.25375,14.2378211805556,13.75,14.709
2019-07-04,2019,Jul,2018-2019,1,,2,14.517,14.421,14.3937569444444,14.038,14.996
2019-07-05,2019,Jul,2018-2019,1,,2,14.421,14.421,14.4286527777778,14.134,15.282
2019-07-06,2019,Jul,2018-2019,1,,2,14.804,14.709,14.6592795138889,14.325,15.282
2019-07-07,2019,Jul,2018-2019,1,,2,14.709,14.709,14.7746579861111,14.613,15.378
2019-07-08,2019,Jul,2018-2019,1,,2,14.517,14.613,14.6582847222222,14.421,15.282
2019-07-09,2019,Jul,2018-2019,1,,2,14.421,14.517,14.5961736111111,14.23,15.282
2019-07-10,2019,Jul,2018-2019,1,,2,14.613,14.613,14.6648888888889,14.421,15.282
2019-07-11,2019,Jul,2018-2019,1,,2,14.996,14.996,14.9026684027778,14.613,15.473
2019-07-12,2019,Jul,2018-2019,1,,2,15.282,15.222625,15.3070243055556,14.996,15.76
2019-07-13,2019,Jul,2018-2019,1,,2,14.9,15.437375,15.4194548611111,14.9,16.237
2019-07-14,2019,Jul,2018-2019,1,,2,14.996,15.33,15.4325486111111,14.9,16.427
2019-07-15,2019,Jul,2018-2019,1,,2,15.569,15.569,15.6671996527778,14.996,16.332
2019-07-16,2019,Jul,2018-2019,1,,2,16.046,15.951,15.8564704861111,15.569,16.141
2019-07-17,2019,Jul,2018-2019,1,,2,15.569,16.237,16.1434184027778,15.569,16.523
2019-07-18,2019,Jul,2018-2019,1,,2,15.664,15.76,15.7763072916667,15.569,16.046
2019-07-19,2019,Jul,2018-2019,1,,2,15.76,15.76,15.7330208333333,15.378,16.332
2019-07-20,2019,Jul,2018-2019,1,,2,15.091,15.951,15.9299392361111,15.091,16.523
2019-07-21,2019,Jul,2018-2019,1,,2,15.664,15.951,15.7388663194444,15.091,16.427
2019-07-22,2019,Jul,2018-2019,1,,2,15.76,15.76,15.7628541666667,15.378,16.618
2019-07-23,2019,Jul,2018-2019,1,,2,16.141,15.9985,15.9254079861111,15.569,16.332
2019-07-24,2019,Jul,2018-2019,1,,2,16.237,16.141,16.2270625,15.76,16.903
2019-07-25,2019,Jul,2018-2019,1,,2,15.855,16.177,16.1282395833333,15.855,16.332
2019-07-26,2019,Jul,2018-2019,1,,2,15.76,15.76,15.8151440972222,15.76,15.951
2019-07-27,2019,Jul,2018-2019,1,,2,15.569,15.76,15.7343732638889,15.473,16.046
2019-07-28,2019,Jul,2018-2019,1,,2,15.855,15.831375,15.9738506944444,15.569,16.713
2019-07-29,2019,Jul,2018-2019,1,,2,15.76,16.046,16.0342760416667,15.76,16.332
2019-07-30,2019,Jul,2018-2019,1,,2,15.951,15.855,15.859078125,15.76,15.951
2019-07-31,2019,Jul,2018-2019,1,,2,15.282,15.76,15.7855434027778,15.282,15.951
2019-08-01,2019,Aug,2018-2019,1,,2,15.187,15.473,15.4502413194444,15.187,15.664
2019-08-02,2019,Aug,2018-2019,1,,2,16.141,15.569,15.5888854166667,15.187,16.141
2019-08-03,2019,Aug,2018-2019,1,,2,15.378,15.664,15.6688315972222,15.378,16.332
2019-08-04,2019,Aug,2018-2019,1,,2,15.282,15.282,15.3871041666667,15.187,16.046
2019-08-05,2019,Aug,2018-2019,1,,2,15.187,15.187,15.2613177083333,15.091,15.664
2019-08-06,2019,Aug,2018-2019,1,,2,14.996,14.996,15.0884010416667,14.996,15.378
2019-08-07,2019,Aug,2018-2019,1,,2,14.613,14.804,14.8368454861111,14.613,15.187
2019-08-08,2019,Aug,2018-2019,1,,2,14.613,14.613,14.6874097222222,14.517,14.996
2019-08-09,2019,Aug,2018-2019,1,,2,14.613,14.613,14.601,14.325,14.709
